Redump Name,Domestic Title,Overseas Title,Product No.,Build Date,Hardware,Company,Disc Type,Version,I/O Devices,Region,Size
3 Ninjas Kick Back (USA),3 NINJAS KICK BACK,3 NINJAS KICK BACK,T-93175,1994.DEC,SEGA GENESIS,(C)T-93,GM,0,J,U,78657936
"Adventures of Batman and Robin, The (Europe)",ADVENTURES OF BA,ADVENTURES OF BA,MK-4432,1995.OCT,SEGA MEGADRIVE,(C)SEGA,GM,50,J,E,161895216
"Adventures of Batman and Robin, The (USA)",ADVENTURES OF BA,ADVENTURES OF BA,MK-4432,1995.JUL,SEGA GENESIS,(C)SEGA,GM,0,J,U,161845824
"Adventures of Willy Beamish, The (USA)",WILLY BEAMISH,WILLY BEAMISH,T-6300,1992.DEC,SEGA GENESIS,(C)T-32,GM,1,J,U,233269008
"Adventures of Willy Beamish, The (USA) (Alt)",WILLY BEAMISH,WILLY BEAMISH,T-6300,1992.DEC,SEGA GENESIS,(C)T-32,GM,1,J,U,233269008
After Armageddon Gaiden - Majuu Toushouden Eclipse (Japan),AFTER ARMAGEDDON,(unknown),G-6026 -,1994.SEP,SEGA MEGA DRIVE,(C)SEGA,GM,0,J,J,7538160
After Burner III (Europe),AFTER BURNER III BY CRI,AFTER BURNER III BY CRI,MK-4415,1993.APR,SEGA MEGA DRIVE,(C)T-68,GM,0,J6,E,5367264
After Burner III (Japan),AFTER BURNER III BY CRI,AFTER BURNER III BY CRI,T-68014,1992.NOV,SEGA MEGA DRIVE,(C)T-68,GM,0,JA,J,7890960
After Burner III (USA),AFTER BURNER III BY CRI,AFTER BURNER III BY CRI,MK-4415,1993.APR,SEGA CD,(C)T-68,GM,0,J6,U,5367264
AH3 - Thunderstrike (USA),AH3-THUNDERSTRIKE,AH3-THUNDERSTRIKE,T-60055-,1993.SEP,SEGA GENESIS,(C)T-60,GM,0,J,U,147500976
Aisle Lord (Japan),アイル・ロード,AISLE･LORD,T-32044,1992.MAR,SEGA MEGA DRIVE,(C)T-32,GM,1,J,J,125029968
Alshark (Japan),ALSHARK,ALSHARK,T-92014-,1993.SEP,SEGA MEGA DRIVE,(C)T-92,GM,0,J,J,27377280
"Amazing Spider-Man vs. The Kingpin, The (Europe)",SPIDERMAN VS THE KINGPIN CD,SPIDERMAN VS THE KINGPIN CD,MK-4412,1993.NOV,SEGA MEGA DRIVE,(C)SEGA,GM,0,J,E,155330784
"Amazing Spider-Man vs. The Kingpin, The (USA)",SPIDERMAN VS THE KINGPIN CD,SPIDERMAN VS THE KINGPIN CD,MK-4412,1993.AUG,SEGA GENESIS,(C)SEGA,GM,0,J,U,155330784
"Amazing Spider-Man vs. The Kingpin, The (USA) (Rev 1)",SPIDERMAN VS THE KINGPIN CD,SPIDERMAN VS THE KINGPIN CD,MK-4412,1993.NOV,SEGA GENESIS,(C)SEGA,GM,1,J,U,155330784
Android Assault - The Revenge of Bari-Arm (USA),BARI_ARM,BARI_ARM,T-163015,1994AUG,SEGA GENESIS,(C)T-163,GM,0,J,U,16823856
Annett Futatabi (Japan),ANNET,ANNET,T-32104,1993.FEB,SEGA MEGA DRIVE,(C)T-32,GM,0,J,J,36162000
Aoki Ookami to Shiroki Mejika - Genchou Hishi (Japan),蒼き狼と白き牝鹿・元朝秘史,Ghenghis Khan 2,T-76054,1993.AUG,SEGA MEGA DRIVE,(C)T-76,GM,0,J,J,11461296
A-Rank Thunder - Tanjou-hen (Japan),Ａランクサンダー,A-Rank Thunder,T-49064,1993.nnn,SEGA MEGA DRIVE,(C)T-49,GM,0,J,J,158381328
"Arcus I, II, III (Japan)",/WOLF TEAM 1993.MAY,(unknown),T-32094,ET JAPAN,SEGA MEGA DRIVE,(C)TELEN,GM,0,J,J,112562016
Arslan Senki (Japan),THE_HEROIC_REGEND_OF_ARSLAN,(unknown),G-6028,1993.AUG,SEGA MEGA DRIVE,(C)SEGA,GM,0,J,J,25291056
AX-101 (Japan),AX-101,AX-101,G-6031-,1994.MAR,SEGA MEGA DRIVE,(C)SEGA,GM,0,J,J,615817104
A-X-101 (USA) (RE),AX-101,A/X-101,T-86015,1994.SEP,SEGA GENESIS,(C)T-86,GM,0,J,U,623183568
Bakuden - The Unbalanced Zone (Japan),爆伝−アンバランスゾーン,(unknown),T-145014,1994.APR,SEGA MEGA DRIVE,(C)T-SR,GM,0,J,J,254886240
Bari-Arm (Japan),BARI_ARM,BARI_ARM,T-43024,1993.AUG,SEGA MEGA DRIVE,(C)T-43,GM,0,J,J,16849728
Batman Returns (Europe),BATMAN RETURNS,BATMAN RETURNS,MK-4401,1993.APR,SEGA MEGA DRIVE,(C)SEGA,GM,0,J,E,20363616
Batman Returns (Europe) (Alt),BATMAN RETURNS,BATMAN RETURNS,MK-4401,1993.APR,SEGA MEGA DRIVE,(C)SEGA,GM,0,J,E,20363616
Batman Returns (USA),BATMAN RETURNS,BATMAN RETURNS,MK-4401,1993.APR,SEGA GENESIS,(C)SEGA,GM,0,J,U,20363616
Batman Returns (USA) (Alt),BATMAN RETURNS,BATMAN RETURNS,MK-4401,1993.APR,SEGA GENESIS,(C)SEGA,GM,0,J,U,20363616
Battle Fantasy (Japan) (Rev A),BATTLE FANTASY,BATTLE FANTASY,T-22044-,1994.JAN,SEGA MEGA DRIVE,(C)T-22,GM,0,J,J,21499632
Battle Frenzy (USA) (Unl),BATTLE FRENZY (C) 1994 DOMARK,BATTLE FRENZY (C) 1994 DOMARK,T-88035,1995.MAR,SEGA GENESIS,(C)T-88,GM,0,J6,UE,7540512
"Battlecorps (Europe) (En,Fr,De,Es)",JAGUAR XJ220,JAGUAR XJ220,MK-4602-,1993.SEP,SEGA MEGA DRIVE,(C)T-60,GM,0,J6,E,85071840
Battlecorps (Japan),BATTLECORPS,BATTLECORPS,T-60194-,1994.SEP,SEGA MEGA DRIVE,(C)T-60,GM,0,J6,J,90721344
Battlecorps (USA),BATTLECORPS,BATTLECORPS,T-115045,1994.SEP,SEGA GENESIS,(C)T-115,GM,(unknown),J6,U,85114176
"BC Racers (Europe) (En,Fr,De)",BCRACERS,BCRACERS,T-115075,1994.NOV,SEGA MEGA DRIVE,(C)T-115,GM,0,J6,E,90215664
BC Racers (USA),BCRACERS,BCRACERS,T-115075,1994.NOV,SEGA GENESIS,(C)T-115,GM,0,J6,U,90215664
Beast II (Europe),SHADOW OF THE BEAST TWO,SHADOW OF THE BEAST TWO,T-113045,1994.JUL,SEGA MEGA DRIVE,(C)T-113,GM,0,J,E,24051552
Bill Walsh College Football (Europe),BILL WALSH COLLEGE FOOTBALL,BILL WALSH COLLEGE FOOTBALL,T-50025,1993.OCT,SEGA MEGA DRIVE,(C)T-50,GM,0,J,E,103485648
Bill Walsh College Football (USA),BILL WALSH COLLEGE FOOTBALL,BILL WALSH COLLEGE FOOTBALL,T-50025,1993.OCT,SEGA GENESIS,(C)T-50,GM,0,J,U,103480944
Black Hole Assault (Japan),BLACKHOLE ASSAULT,BLACKHOLE ASSAULT,T-22024-,1992.SEP,SEGA MEGA DRIVE,(C)T-22,GM,0,J,J,14055552
Blackhole Assault (Europe),BLACKHOLE ASSAULT,BLACKHOLE ASSAULT,T-6400,1992.OCT,SEGA MEGA DRIVE,(C)T-22,GM,(unknown),J,U,13855632
Blackhole Assault (USA),BLACKHOLE ASSAULT,BLACKHOLE ASSAULT,T-6400,1992.OCT,SEGA MEGA DRIVE,(C)T-22,GM,(unknown),J,U,13857984
Blackhole Assault (USA) (Alt),BLACKHOLE ASSAULT,BLACKHOLE ASSAULT,T-6401,1992.OCT,SEGA MEGA DRIVE,(C)T-22,GM,(unknown),J,U,13855632
"Bloodshot (Europe) (En,Fr,De,Es)",BLOODSHOT (C) 1994 DOMARK SOFT,BLOODSHOT (C) 1994 DOMARK SOFT,T-88045,1995.MAR,SEGA MEGADRIVE,(C)T-88,GM,50,J6,UE,7542864
Bouncers (USA),BOUNCERS,BOUNCERS,MK-4908-,1994.OCT,SEGA GENESIS,(C)T-110,GM,0,J4,U,238344624
Bram Stoker's Dracula (USA),BRAM STOKERS DRACULA,BRAM STOKERS DRACULA,T-60064,1992.FEB,SEGA MEGA DRIVE,(C)SEGA,GM,0,J,JUE,275525040
Bram Stoker's Dracula (USA) (Alt 1),BRAM STOKERS DRACULA,BRAM STOKERS DRACULA,T-60064,1992.FEB,SEGA MEGA DRIVE,(C)SEGA,GM,0,J,JUE,275525040
Bram Stoker's Dracula (USA) (Alt 2),BRAM STOKERS DRACULA,BRAM STOKERS DRACULA,T-60064,1992.FEB,SEGA MEGA DRIVE,(C)SEGA,GM,0,J,JUE,275525040
Bram Stoker's Dracula (USA) (Version 2.0),BRAM STOKERS DRACULA,BRAM STOKERS DRACULA,T-93065,.APR,SEGA GENESIS,T-931994,GM,0,J,U,275525040
"Brutal - Paws of Fury (Europe) (En,Fr,De)",BRUTAL PAWS OF FURY,BRUTAL PAWS OF FURY,T-83015,1994.OCT,SEGA MEGADRIVE,(C)T-83,GM,50,6,E,91942032
Brutal - Paws of Fury (USA),BRUTAL PAWS OF FURY,BRUTAL PAWS OF FURY,T-83015,1994.JUL,SEGA GENESIS,(C)T-83,GM,0,J,U,91318752
Bug Blasters - The Exterminators (USA) (Unl) (Rerelease),EXTERMINATORS,EXTERMINATORS,MK-4439,1994.DEC,SEGA GENESIS,(C)SEGA,GM,0,J,U,566505072
Burai - Yatsudama no Yuushi Densetsu (Japan),BURAI MEGA-CD  BY SEGA,BURAI MEGA-CD  BY SEGA,G-6004-0,1992.JUL,SEGA MEGA DRIVE,(C)SEGA,GM,(unknown),J,J,72425136
Burning Fists - Force Striker (USA) (Unl),BURNING  FISTS,Burning  Fists,T-60064,1993.OCT,SEGA MEGA DRIVE,(C)SEGA,GM,0,J,J,242792256
"Cadillacs and Dinosaurs - The Second Cataclysm (USA, Brazil) (RE)",CADILLACS & DINOSAURS - THE SE,CADILLACS & DINOSAURS - THE SE,T-153035,94.NOV,SEGA GENESIS,(C)T-153,GM,0,J,U,652197840
Captain Tsubasa (Japan),SEGA MEGA CD    キャプテン翼,CAPTAIN TSUBASA,T-36014,1994.SEP,SEGA MEGA DRIVE,(C)T-36,GM,0,J,J,174511344
"Championship Soccer '94 (USA) (En,Fr,De,It)",CHAMPIONSHIP SOCCER 94,SENSIBLE SOCCER INTERNATIONAL,T-93185-,1994.JUL,SEGA GENESIS,(C)T-93,GM,0,J,U,27048000
Chuck Rock (Europe),CHUCK ROCK,CHUCK ROCK,T-93045-,1993.APR,SEGA MEGA DRIVE,(C)T-98,GM,0,J,E,12625536
Chuck Rock (USA),CHUCK ROCK,CHUCK ROCK,T-06204,1992.DEC,SEGA GENESIS,(C)T-98,GM,56,J,U,12625536
Chuck Rock II - Son of Chuck (Europe),CHUCKROCK2,CHUCKROCK2,T-115025,1993.SEP,SEGA MEGA DRIVE,(C)T-60,GM,0,J,E,75645024
Chuck Rock II - Son of Chuck (USA),CHUCK_ROCK_2,CHUCK_ROCK_2,T-70045-,1993.JAN,SEGA GENESIS,(C)T-07,GM,0,J,U,75997824
Cliffhanger (USA),CLIFFHANGER,CLIFFHANGER,T-93075,1993.NOV,SEGA GENESIS,(C)T-93,GM,1,J,U,187101600
Cobra Command (Europe),THUNDER STORM,COBRA COMMAND,MK-4402-,1992.OCT,SEGA MEGA DRIVE,(C)T-32,GM,0,J,E,256344480
Cobra Command (USA),THUNDER STORM,COBRA COMMAND,MK-4402,1992.OCT,SEGA MEGA DRIVE,(C)T-32,GM,(unknown),J,U,256344480
"Colors of Modern Rock, The (USA)",VIRTUAL VCR -- THE COLORS OF M,VIRTUAL VCR -- THE COLORS OF M,WCM-9302,1993.MAR,SEGA GENESIS,(C)SEGA,GM,0,J,U,164016720
Compton's Interactive Encyclopedia (USA) (Version 2.00S),SEGA CD SAMPLE APP. WRITTEN BY,SEGA CD SAMPLE APP. WRITTEN BY,MK-xxxx,1993.MAY,SEGA GENESIS,(C)SEGA,GM,0,J,U,225806112
Compton's Interactive Encyclopedia (USA) (Version 2.01R),COMPTONS INTERACTIVE ENCYCLOPE,COMPTONS INTERACTIVE ENCYCLOPE,T-118025,1994.OCT,SEGA GENESIS,(C)T-118,GM,0,J,U,380264304
Compton's Interactive Encyclopedia (USA) (Version 2.01S),COMPTONS INTERACTIVE ENCYCLOPE,COMPTONS INTERACTIVE ENCYCLOPE,T-118015,1994.MAY,SEGA GENESIS,(C)T-188,GM,-,J,U,220229520
Compton's Interactive Encyclopedia (USA) (Version 2.10) (RE2),COMPTONS INTERACTIVE ENCYCLOPE,COMPTONS INTERACTIVE ENCYCLOPE,T-118015,1994.SEP,SEGA GENESIS,(C)T-188,GM,1,J,U,380266656
Corpse Killer (Europe),CORPSE KILLER,CORPSE KILLER,T-162055,1995.FEB,SEGA MEGA DRIVE,(C)T-162,GM,50,JG,8,626234112
Corpse Killer (Europe) (Mega-CD 32X),CORPSE KILLER 32X,CORPSE KILLER 32X,T-16201F,1995.FEB,SEGA 32X,(C)SEGA,GM,50,JG,8,624898176
Corpse Killer (USA),CORPSE KILLER,CORPSE KILLER,T-162055,1994.NOV,SEGA GENESIS,(C)T-162,GM,0,JG,U,626234112
Corpse Killer (USA) (Sega CD 32X),CORPSE KILLER 32X,CORPSE KILLER 32X,T-16201F,1994.DEC,SEGA 32X,(C)T-162,GM,0,JG,U,624898176
Cosmic Fantasy Stories (Japan),COSMIC FANTASY  STORIES,Cosmic Fantasy Stories,T-49014,1992.FEB,SEGA MEGA DRIVE,(C)T-49,GM,0,J,J,54244176
Crime Patrol (USA),CRIME PATROL,CRIME PATROL,T-111055,1994.DEC,SEGA GENESIS,(C)T-111,GM,0,JMG,U,280433664
Cyborg 009 (Japan),CYBORG 009,CYBORG 009,T-49054,1992.MAR,SEGA MEGA DRIVE,(C)T-49,GM,0,J,J,15694896
Daihoushinden (Japan),DAIHOSINDEN,DAIHOSINDEN,T-60024,1994.DEC,SEGA MEGA DRIVE,(C)T-60,GM,0,J,J,386308944
Dark Wizard - Yomigaerishi Yami no Madoushi (Japan),DARK WIZARD,DARK WIZARD,G-6005,1993.SEP,SEGA MEGA DRIVE,(C)SEGA,GM,0,J,J,413505120
Dark Wizard (USA),DARK WIZARD        9/3-1994,DARK WIZARD,MK-4651,1994.MAR,SEGA GENESIS,(C)SEGA,GM,0,J,U,415882992
Death Bringer (Japan),DEATH BRINGER,DEATH BRINGER,T-49034,1992.MAR,SEGA MEGA DRIVE,(C)T-49,GM,0,J,J,37930704
Demolition Man (USA),DEMOLITION MAN,DEMOLITION MAN,T-81045,1995.JUL,SEGA GENESIS,(C)T-81,GM,0,J,U,65077488
Dennin Aleste - Nobunaga and His Ninja Force (Japan),電忍アレスタ,(unknown),T-66014,1992.NOV,SEGA MEGA DRIVE,(C)T-66,GM,0,J,J,15005760
Detonator Orgun (Japan),デトネイタ・オーガン,DETONATOR ORGUN,T-28014-,1992.JUN,SEGA MEGA DRIVE,(C)SEGA,GM,0,J,J,48540576
Devastator (Japan),DEVASTATOR,DEVASTATOR,T-32074,1993.APR,SEGA MEGA DRIVE,(C)T-32,GM,0,J,J,189074928
Double Switch (Europe),DOUBLE SWITCH,DOUBLE SWITCH,MK-4419,1993.DEC,SEGA MEGA DRIVE,(C)SEGA,GM,0,J,E,632944368
Double Switch (Japan),DOUBLE SWITCH,DOUBLE SWITCH,G-6040-,1994.DEC,SEGA MEGA DRIVE,(C)SEGA,GM,0,J,J,632636256
Double Switch (USA),DOUBLE SWITCH,DOUBLE SWITCH,MK-4419,1993.NOV,SEGA GENESIS,(C)SEGA,GM,0,J,U,632944368
Dracula Unleashed (Europe) (Disc 1) (Made in E.U.),DRACULA UNLEASHED,DRACULA UNLEASHED,MK-4420,1994.APR,SEGA GENESIS,(C)SEGA,GM,0,J,E,544372752
Dracula Unleashed (Europe) (Disc 1) (Made in Japan),DRACULA UNLEASHED,DRACULA UNLEASHED,MK-4420,1994.APR,SEGA GENESIS,(C)SEGA,GM,0,J,E,544372752
Dracula Unleashed (Europe) (Disc 2) (Made in E.U.),DRACULA UNLEASHED,DRACULA UNLEASHED,MK-4420,1994.APR,SEGA GENESIS,(C)SEGA,GM,0,J,E,599428368
Dracula Unleashed (Europe) (Disc 2) (Made in Japan),DRACULA UNLEASHED,DRACULA UNLEASHED,MK-4420,1994.APR,SEGA GENESIS,(C)SEGA,GM,0,J,E,599428368
Dracula Unleashed (USA) (Disc 1),DRACULA UNLEASHED,DRACULA UNLEASHED,MK-4420,1993 NOV,SEGA GENESIS,(C)SEGA,GM,0,J,U,544372752
Dracula Unleashed (USA) (Disc 2),DRACULA UNLEASHED,DRACULA UNLEASHED,MK-4420,1993 NOV,SEGA GENESIS,(C)SEGA,GM,0,J,U,599428368
"Dragon's Lair (Europe) (En,Fr,De,It)",DRAGONS LAIR,DRAGONS LAIR,MK- 4436,(unknown),SEGA MEGADRIVE,(C)T-121,GM,0,J,E,607869696
"Dragon's Lair (Japan) (En,Ja,Fr,De,It)",DRAGONS LAIR,DRAGONS LAIR,G-  6035,(unknown),SEGA MEGADRIVE,(C)T-121,GM,0,J,J,607935552
Dragon's Lair (USA),DRAGONS LAIR,DRAGONS LAIR,T-121015,(unknown),SEGA GENESIS,(C)T-121,GM,0,J,U,210654528
"Dune (Europe) (En,Fr,De,Es,It)",DUNE,DUNE,T-70065,1994.APR,SEGA MEGA DRIVE,(C)VRGN,GM,0,J,E,541369248
"Dune (USA) (En,Fr,De,Es,It)",DUNE THE GAME,DUNE THE GAME,T-70065,1994.SEP,SEGA GENESIS,(C)T-70,GM,0,J,U,541369248
Dungeon Explorer (Europe),Dungeon Explorer,Dungeon Explorer for Europe,T-14302,1995.MAR,SEGA MEGA DRIVE,(C)T-14,GM,-5,J4,E,5040336
Dungeon Explorer (USA),Dungeon Explorer,Dungeon Explorer for USA,MK-4657,1995.MAR,SEGA GENESIS,(C)SEGA,GM,(unknown),J4,U,5040336
Dungeon Master II - Skullkeep (Europe),DUNGEON MASTER II:SKULLKEEP,DUNGEON MASTER II:SKULLKEEP,T-60095-,1994 DEC,SEGA GENESIS,(C)T-60,GM,0,J6M,E,30324336
Dungeon Master II - Skullkeep (Japan),SKULLKEEP,SKULLKEEP,T-60144,1994.MAR,SEGA MEGA DRIVE,(C)T-60,GM,0,JM,J,13636896
Dungeon Master II - Skullkeep (USA) (RE3),DUNGEON MASTER II:SKULLKEEP,DUNGEON MASTER II:SKULLKEEP,T-60085-,1994 SEP,SEGA GENESIS,(C)T-60,GM,0,J6M,U,30324336
Dynamic Country Club (Japan),DYNAMIC COUNTRY CLUB,(unknown),G-6017-0,1993.JUL,SEGA MEGA DRIVE,(C)SEGA,GM,(unknown),J4,J,13556928
Earnest Evans (Japan),アーネスト・エバンス,EARNEST EVANS,T-32014,1991.DEC,SEGA MEGA DRIVE,(C)T-32,GM,1,J,J,5207328
Earthworm Jim - Special Edition (Europe),"EARTHWORM JIM, SHINY ENTERTAIN","EARTHWORM JIM, SHINY ENTERTAIN",T-125045,1995.APR,SEGA GENESIS,(C)T-125,GM,50,J,E,16087680
Earthworm Jim - Special Edition (USA) (RE),"EARTHWORM JIM, SHINY ENTERTAIN","EARTHWORM JIM, SHINY ENTERTAIN",T-125045,1995.JAN,SEGA GENESIS,(C)T-125,GM,0,J,U,16085328
"Ecco - The Tides of Time (Europe) (En,Fr,De,Es)",ECCO THE TIDES OF TIME,ECCO THE TIDES OF TIME,MK-4441,1995.JAN,SEGA MEGA DRIVE,(C)SEGA,GM,0,J,E,150542112
Ecco - The Tides of Time (USA),ECCO THE TIDES OF TIME,ECCO THE TIDES OF TIME,MK-4441,1994.OCT,SEGA GENESIS,(C)SEGA,GM,0,J,U,150469200
Ecco - The Tides of Time (USA) (Alt),ECCO THE TIDES OF TIME,ECCO THE TIDES OF TIME,MK-4441,1994.OCT,SEGA GENESIS,(C)SEGA,GM,0,J,U,150640896
Ecco the Dolphin (Australia),ECCO THE DOLPHIN,ECCO THE DOLPHIN,MK-4408,1993.SEP,SEGA MEGA DRIVE,(C)SEGA,GM,0,J,E,59618496
Ecco the Dolphin (Europe),ECCO THE DOLPHIN,ECCO THE DOLPHIN,MK-4408,1993.SEP,SEGA MEGA DRIVE,(C)SEGA,GM,0,J,E,59616144
Ecco the Dolphin (Europe) (Rerelease),ECCO THE DOLPHIN,ECCO THE DOLPHIN,MK-4408,1993.SEP,SEGA MEGA DRIVE,(C)SEGA,GM,0,J,E,59616144
Ecco the Dolphin (USA),ECCO THE DOLPHIN,ECCO THE DOLPHIN,MK-4408,1993.JUN,SEGA GENESIS,(C)SEGA,GM,0,J,U,59616144
Ecco the Dolphin CD (Japan) (Disc 1) (Ecco the Dolphin),ECCO THE DOLPHIN,ECCO THE DOLPHIN,G-6041,1994.DEC,SEGA MEGA DRIVE,(C)SEGA,GM,(unknown),J,J,59616144
Ecco the Dolphin CD (Japan) (Disc 2) (Ecco the Dolphin II),ECCO THE TIDES OF TIME,ECCO THE TIDES OF TIME,G-6041,1994.DEC,SEGA MEGA DRIVE,(C)SEGA,GM,(unknown),J,J,150495072
Egawa Suguru no Super League CD (Japan),江川卓の        Super League C,(unknown),G-6019,1993.JUL,SEGA MEGA DRIVE,(C)SEGA,GM,0,JC4,J,41446944
ESPN Baseball Tonight (Europe),ESPN BASEBALL TONIGHT,ESPN BASEBALL TONIGHT,T-93115-,1994.AUG,SEGA MEGA DRIVE,(C)T-93,GM,0,J,E,205571856
ESPN Baseball Tonight (USA),ESPN BASEBALL TONIGHT,ESPN BASEBALL TONIGHT,T-93115-,1994.AUG,SEGA GENESIS,(C)T-93,GM,0,J,U,205571856
ESPN National Hockey Night (USA),ESPN NATIONAL HOCKEY NIGHT,ESPN NATIONAL HOCKEY NIGHT,T-93215,1994.OCT,SEGA GENESIS,(C)T-93,GM,0,J4,U,181468560
ESPN NBA Hangtime '95 (USA),ESPN NBA HANGTIME 95,ESPN NBA HANGTIME 95,T-93245,1995.JAN,SEGA GENESIS,(C)T-93,GM,0,J4,U,145094880
ESPN Sunday Night NFL (USA),ESPN SUNDAY NIGHT FOOTBALL,ESPN SUNDAY NIGHT FOOTBALL,T-093105,1994.NOV,SEGA GENESIS,(C)T-93,GM,0,J,U,286939296
Eternal Champions - Challenge from the Dark Side (Europe),ETERNAL CHAMPIONS CD,ETERNAL CHAMPIONS CD,MK-4427,1995.JUN,SEGA MEGA DRIVE,(C)SEGA,GM,0,J6,E,155643600
Eternal Champions - Challenge from the Dark Side (USA),ETERNAL CHAMPIONS CD,ETERNAL CHAMPIONS CD,MK-4427,1995.MAY,SEGA GENESIS,(C)SEGA,GM,0,J6,U,155641248
Eternal Champions - Challenge from the Dark Side (USA) (RE),ETERNAL CHAMPIONS CD,ETERNAL CHAMPIONS CD,MK-4427,1995.MAY,SEGA GENESIS,(C)SEGA,GM,1,J6,U,155641248
Eye of the Beholder (Europe),Eye of the Beholder,Eye of the Beholder,MK-4656,1994.SEP,SEGA MEGA DRIVE,(C)SEGA,GM,0,JM,E,26594064
Eye of the Beholder (Japan),Eye of the Beholder,Eye of the Beholder,T-75014,1993.NOV,SEGA MEGA DRIVE,(C)T-75,GM,0,JM,J,26594064
Eye of the Beholder (USA),Eye of the Beholder,Eye of the Beholder,T-75014,1994.JUN,SEGA GENESIS,(C)T-75,GM,0,JM,U,26594064
F1 Circus CD (Japan),F1-CIRCUS CD,F1-CIRCUS CD,T-71014-,1993.DEC,SEGA MEGA DRIVE,(C)T-71,GM,0,J,J,16995552
Fahrenheit (Europe),FAHRENHEIT,FAHRENHEIT,MK-4438,1995.MAR,SEGA MEGA DRIVE,(C)SEGA,GM,0,J,E,593710656
Fahrenheit (France),FAHRENHEIT,FAHRENHEIT,MK-4438,1995.MAR,SEGA MEGA DRIVE,(C)SEGA,GM,9,J,E,593710656
Fahrenheit (Japan),FAHRENHEIT,FAHRENHEIT,43,1995.MAR,SEGA MEGA DRIVE,(C)SEGA,G-6,(unknown),J,J,593534256
Fahrenheit (USA) (Disc 1) (Key Disc) (Sega CD),FAHRENHEIT,FAHRENHEIT,MK-4438,1995.FEB,SEGA GENESIS,(C)SEGA,GM,0,J,U,593710656
Fahrenheit (USA) (Disc 2) (32X CD),FAHRENHEIT,FAHRENHEIT,MK-4438,1995.MAR,SEGA GENESIS,(C)SEGA,GM,0,J,U,593710656
Fatal Fury Special (Europe),Fatal Fury Special,Fatal Fury Special,T-60165,1995.MAR,SEGA MEGA DRIVE,(C)T-60,GM,50,J6,E,15845424
Fatal Fury Special (USA),Fatal Fury Special,Fatal Fury Special,T-60165,1995.MAR,SEGA GENESIS,(C)T-60,GM,0,J6,U,16574544
"FIFA International Soccer - Championship Edition (Europe) (En,Fr,De,Es)",FIFA INTERNATIONAL SOCCER,FIFA INTERNATIONAL SOCCER,T-50055,1994 FEB,SEGA GENESIS,(C)T-50,GM,0,J,E,262836000
"FIFA International Soccer (USA) (En,Fr,De,Es)",FIFA INTERNATIONAL SOCCER,FIFA INTERNATIONAL SOCCER,T-50055,1994 FEB,SEGA GENESIS,(C)T-50,GM,0,J,U,262838352
Final Fight CD (Europe),FINAL FIGHT CD,FINAL FIGHT CD,MK-4410,1993.JUN,SEGA MEGA DRIVE,(C)SEGA,GM,0,J,E,28209888
Final Fight CD (Japan),FINAL FIGHT CD,FINAL FIGHT CD,G-6013,1993.MAR,SEGA MEGA DRIVE,(C)SEGA,GM,0,J,J,28209888
Final Fight CD (Japan) (Rev A),FINAL FIGHT CD,FINAL FIGHT CD,G-6013,1993.MAR,SEGA MEGA DRIVE,(C)SEGA,GM,1,J,J,28209888
Final Fight CD (USA),FINAL FIGHT CD,FINAL FIGHT CD,MK-4410,1993.MAY,SEGA GENESIS,(C)SEGA,GM,0,J,U,28565040
Final Fight CD (USA) (Alt 1),FINAL FIGHT CD,FINAL FIGHT CD,MK-4410,1993.MAY,SEGA GENESIS,(C)SEGA,GM,0,J,U,28209888
Final Fight CD (USA) (Alt 2),FINAL FIGHT CD,FINAL FIGHT CD,MK-4410,1993.MAY,SEGA GENESIS,(C)SEGA,GM,0,J,U,28209888
Flashback - The Quest for Identity (USA),FLASHBACK,FLASHBACK,T-79035-,1994.JUL,SEGA GENESIS,(C)T-79,GM,0,J,U,268678368
"Flink (Europe) (En,Fr,De,Es,Nl)",THE (MIS)ADVENTURES OF FLINK,THE (MIS)ADVENTURES OF FLINK,T-113055,1994.AUG,SEGA MEGA DRIVE,(C)T-113,GM,50,J,E,2695392
"Flink (USA) (En,Fr,De,Es,Nl)",THE (MIS)ADVENTURES OF FLINK,THE (MIS)ADVENTURES OF FLINK,T-23055-,1994.DEC,SEGA GENESIS,(C)T-23,GM,0,J,U,2700096
Formula One World Championship - Beyond the Limit (Europe),FORMULA ONE WORLD CHAMPIONSHIP,FORMULA ONE WORLD CHAMPIONSHIP,MK-4608,1994.JUL,SEGA MEGA DRIVE,(C)SEGA,GM,0,J6,E,202768272
Formula One World Championship - Beyond the Limit (USA),FORMULA ONE WORLD CHAMPIONSHIP,FORMULA ONE WORLD CHAMPIONSHIP,MK-4608,1994.JUN,SEGA GENESIS,(C)SEGA,GM,0,J6,U,202721232
Fresh Cleaner (Japan),(unknown),(unknown),(unknown),(unknown),SEGA MEGA DRIVE,(unknown),(unknown),(unknown),J,(unknown),6644400
Game no Kandume Vol. 1 (Japan),ゲームのかんづめ Vol.1,GAME CAN Vol.1,G-6032,1994.FEB,SEGA MEGA DRIVE,(C)SEGA,GM,0,J,J,11416608
Game no Kandume Vol. 2 (Japan),ゲームのかんづめ Vol.2,GAME CAN Vol.2,G-6033,1994.FEB,SEGA MEGA DRIVE,(C)SEGA,GM,0,J,J,9041088
Garou Densetsu Special (Japan),Garoudensetsu Special,Garoudensetsu Special,T-60214,1995.MAR,SEGA MEGA DRIVE,(C)T-60,GM,0,J6,U,15826608
Gen'ei Toshi - Illusion City (Japan),ILLUSION CITY,(unknown),T-51014,1993.MAY,SEGA MEGA DRIVE,(C)T-51,GM,1,JC,J,18444384
Ground Zero Texas (Europe) (Disc 1),GROUND ZERO TEXAS,GROUND ZERO TEXAS,T-93145,1993.NOV,SEGA MEGA DRIVE,(C)SEGA,GM,0,J,E,630267792
Ground Zero Texas (Europe) (Disc 2),GROUND ZERO TEXAS,GROUND ZERO TEXAS,T-93145,1993.NOV,SEGA MEGA DRIVE,(C)SEGA,GM,0,J,E,600804288
Ground Zero Texas (USA) (Disc 1),GROUND ZERO TEXAS,GROUND ZERO TEXAS,T-93145,1993.NOV,SEGA GENESIS,(C)SEGA,GM,0,J,U,629355216
Ground Zero Texas (USA) (Disc 2),GROUND ZERO TEXAS,GROUND ZERO TEXAS,T-93145,1993.NOV,SEGA GENESIS,(C)SEGA,GM,0,J,U,599743536
Ground Zero Texas (USA) (Disc 2) (Alt),GROUND ZERO TEXAS,GROUND ZERO TEXAS,T-93145,1993.NOV,SEGA GENESIS,(C)SEGA,GM,0,J,U,599743536
Gyuwambler Jiko Chuushinha 2 - Gekitou! Tokyo Mahjongland-hen (Japan),ぎゅわんぶらあ自己中心派２,(unknown),T-45044,1992.DEC,SEGA MEGA DRIVE,(C)T-45,GM,0,JC,J,33762960
Heart of the Alien - Out of This World Parts I and II (USA) (RE),HEART OF THE ALIEN,HEART OF THE ALIEN,T-70025-,1994.AUG,SEGA GENESIS,(C)T-70,GM,0,J,U,12070464
Heavenly Symphony - Formula One World Championship 1993 (Japan),FOMULA ONE WORLDCHAMPIONSHIP 1,(unknown),G-6034-,1994.MAR,SEGA MEGA DRIVE,(C)SEGA,GM,0,J,J,202761216
Heavy Nova (Japan),HEAVY NOVA CD,HEAVY NOVA CD,T-22014-,1991.DEC,SEGA MEGA DRIVE,(C)T-22,GM,0,J,J,2791824
Heimdall (Japan),HEIMDALL,HEIMDALL,T-60054-,1994.JAN,SEGA MEGA DRIVE,(C)T-60,GM,0,J,J,25881408
Heimdall (USA),HEIMDALL,HEIMDALL,T-60145-,1994.MAY,SEGA GENESIS,(C)T-60,GM,0,J,U,25888464
Hook (Europe),HOOK,HOOK,T-93055-,1993.MAY,SEGA MEGA DRIVE,(C)T-98,GM,0,J,E,19803840
Hook (USA),HOOK,HOOK,T-06205,1992.DEC,SEGA GENESIS,(C)T-98,GM,56,J,U,19930848
Hook (USA) (Alt),HOOK,HOOK,T-06205,1992.DEC,SEGA GENESIS,(C)T-98,GM,56,J,U,19803840
"IIIrd World War, The (Japan)",THE 3RD WORLD WAR,THE 3RD WORLD WAR,T-22034-,1993.OCT,SEGA MEGA DRIVE,(C)T-22,GM,0,J,J,175906080
Iron Helix (USA),IRON HELIX,IRON HELIX,T-124015,1994.AUG,SEGA GENESIS,(C)T-124,GM,0,J6,U,454556928
Ishii Hisaichi no Daiseikai (Japan),DAISEIKAI,DAISEIKAI,MK-6016,1993.SEP,SEGA MEGA DRIVE,(C)SEGA,GM,0,J,J,8881152
"Jaguar XJ220 (Europe) (En,Ja)",JAGUAR XJ220,JAGUAR XJ220,T-60094-,1993.JAN,SEGA MEGA DRIVE,(C)T-98,GM,0,J,E,12042240
"Jaguar XJ220 (Japan) (En,Ja)",JAGUAR XJ220,JAGUAR XJ220,T-60094,1993.JAN,SEGA MEGA DRIVE,(C)T-98,GM,(unknown),J,J,12042240
Jaguar XJ220 (USA),JAGUAR XJ220,JAGUAR XJ220,T-6406-0,1993.JAN,SEGA GENESIS,(C)T-07,GM,(unknown),J,U,12042240
Jangou World Cup (Japan),JONGO WORLD CUP,JONGO WORLD CUP,T-60124,1993.AUG,SEGA MEGA DRIVE,(C)T-60,GM,0,J,J,33146736
Jeopardy! (USA),JEOPARDY!,JEOPARDY!,T-93095-,1994.OCT,SEGA GENESIS,(C)T-93,GM,0,4,U,95540592
Joe Montana's NFL Football (USA),JOE MONTANA FOOTBALL,JOE MONTANA FOOTBALL,MK-4201,1993.OCT,SEGA GENESIS,(C)SEGA,GM,0,J,U,181819008
Jurassic Park (Europe),JURASSIC PARK PAL,JURASSIC PARK PAL,MK-4411,1994.MAR,SEGA MEGA DRIVE,(C)SEGA,GM,0,J,E,190462608
Jurassic Park (Europe) (Rerelease),JURASSIC PARK PAL,JURASSIC PARK PAL,MK-4411,1994.MAR,SEGA MEGA DRIVE,(C)SEGA,GM,0,J,E,190462608
Jurassic Park (France),JURASSIC PARK FRENCH,JURASSIC PARK FRENCH,MK-4411,1994.SEP,SEGA MEGA DRIVE,(C)SEGA,GM,0,J,E,190462608
Jurassic Park (Germany),JURASSIC PARK GERMAN,JURASSIC PARK GERMAN,MK-4411,1994.SEP,SEGA MEGA DRIVE,(C)SEGA,GM,0,J,E,190462608
Jurassic Park (Japan),JURASSIC PARK JAPANESE,JURASSIC PARK JAPANESE,G-6038 -,1994.AUG,SEGA MEGA DRIVE,(C)SEGA,GM,0,J,J,190462608
Jurassic Park (Spain),JURASSIC PARK SPANISH,JURASSIC PARK SPANISH,MK-4411,1994.SEP,SEGA MEGA DRIVE,(C)SEGA,GM,0,J,E,190462608
Jurassic Park (USA) (RE),JURASSIC PARK,JURASSIC PARK,MK-4411,1993.DEC,SEGA GENESIS,(C)SEGA,GM,0,J,U,190462608
Kamen Rider ZO (Japan),KAMEN RIDER ZO,KAMEN RIDER ZO,T-141014,1994.JAN,SEGA MEGA DRIVE,(C)T-49,GM,0,J,J,449996400
Keio Flying Squadron (Europe),KEIO YUUGEKITAI,KEIO FLYING SQUADRON,T-60185,1994.OCT,SEGA GENESIS,(C)T-60,GM,0,J6,E,77853552
Keio Flying Squadron (USA),KEIO YUUGEKITAI,KEIO FLYING SQUADRON,T-60185,1994.OCT,SEGA GENESIS,(C)T-60,GM,0,J6,U,77853552
Keiou Yuugekitai (Japan),KEIO YUUGEKITAI,KEIO YUUGEKITAI,T-60114,1993.AUG,SEGA MEGA DRIVE,(C)T-60,GM,0,J,J,77853552
Kids on Site (Europe) (RE-1),KIDS ON SITE,KIDS ON SITE,T-162015,1994.NOV,SEGA MEGA DRIVE,(C)T-162,GM,50,J6,E,516009984
Kids on Site (USA),KIDS ON SITE,KIDS ON SITE,T-162015,1994.NOV,SEGA GENESIS,(C)T-162,GM,0,J6,U,516012336
"Lawnmower Man, The (Europe)",THE LAWNMOWER MAN,THE LAWNMOWER MAN,T-160015,1994,SEGA GENESIS,(C)T-16,GM,1,J,U,607973184
"Lawnmower Man, The (USA)",THE LAWNMOWER MAN,THE LAWNMOWER MAN,T-160015,1994,SEGA GENESIS,(C)T-16,GM,1,J,U,607973184
Lethal Enforcers (Europe),LETHAL ENFORCERS,LETHAL ENFORCERS,T-95015,1993.OCT,SEGA MEGA DRIVE,(C)T-95,GM,0,J,E,10097136
Lethal Enforcers (Japan),LETHAL ENFORCERS,LETHAL ENFORCERS,T-95014,1993.OCT,SEGA MEGA DRIVE,(C)T-95,GM,0,J,J,10097136
Lethal Enforcers (USA),LETHAL ENFORCERS,LETHAL ENFORCERS,T-95015,1993.OCT,SEGA GENESIS,(C)T-95,GM,0,J,U,10097136
Lethal Enforcers (USA) (Alt),LETHAL ENFORCERS,LETHAL ENFORCERS,T-95015,1993.OCT,SEGA GENESIS,(C)T-95,GM,0,J,U,10097136
Lethal Enforcers II - Gun Fighters (Europe),LETHAL ENFORCERS II THE WESTER,LETHAL ENFORCERS II GUN FIGHTE,T-95025,1994.OCT,SEGA MEGA DRIVE,(C)T-95,GM,0,J,E,14845824
Lethal Enforcers II - Gun Fighters (USA),LETHAL ENFORCERS II THE WESTER,LETHAL ENFORCERS II GUN FIGHTE,T-95025,1994.OCT,SEGA GENESIS,(C)T-95,GM,0,J,U,14845824
Lethal Enforcers II - The Western (Japan),LETHAL ENFORCERS II THE WESTER,LETHAL ENFORCERS II GUN FIGHTE,T-95034,1994.OCT,SEGA MEGA DRIVE,(C)T-95,GM,0,J,J,14845824
Links - The Challenge of Golf (USA),"LINKS, THE CHALLENGE OF GOLF","LINKS, THE CHALLENGE OF GOLF",T-70095,1994.SEP,SEGA GENESIS,(C)T-70,GM,0,JM,U,609593712
Links - The Challenge of Golf (USA) (RE),"LINKS, THE CHALLENGE OF GOLF","LINKS, THE CHALLENGE OF GOLF",T-70095,1994.SEP,SEGA GENESIS,(C)T-70,GM,0,JM,U,571453680
"Loadstar - The Legend of Tully Bodine (USA, Brazil)",LOADSTAR - THE LEGEND OF TULLY,LOADSTAR - THE LEGEND OF TULLY,T-153015,94.OCT,SEGA GENESIS,(C)T-153,GM,0,J6,U,656419680
Lords of Thunder (Europe),WINDS OF THUNDER,LORDS OF THUNDER,T-14303,1995.Apr,SEGA MEGA DRIVE,(C)T-14,GM,-5,J,E,8311968
Lords of Thunder (USA),WINDS OF THUNDER,LORDS OF THUNDER,MK-4449,1995.MAR,SEGA GENESIS,(C)SEGA,GM,(unknown),J,U,8311968
Lunar - Eternal Blue (Japan),LUNAR2,LUNAR2,T-45074,1994.NOV,SEGA MEGA DRIVE,(C)T-45,GM,0,J,J,458849328
Lunar - Eternal Blue (Japan) (Rev A),LUNAR2,LUNAR2,T-45074,1994.DEC,SEGA MEGA DRIVE,(C)T-45,GM,1,J,J,458849328
Lunar - Eternal Blue (USA) (RE),LUNAR -ETERNAL BLUE-,LUNAR -ETERNAL BLUE-,T-127045,95.AUG,SEGA GENESIS,T-127 19,GM,0,J,U,469555632
Lunar - The Silver Star (Japan),ＬＵＮＡＲ,(unknown),T-45014,1992.JUN,SEGA MEGA DRIVE,(C)T-45,GM,0,JC,J,32989152
Lunar - The Silver Star (USA),LUNAR,LUNAR,T-127015,1993.SEP,SEGA GENESIS,(C)T-12,GM,0,J,U,12752544
Lunar - The Silver Star (USA) (RE),LUNAR,LUNAR,T-127015,1993.SEP,SEGA GENESIS,(C)T-12,GM,0,J,U,12752544
Mad Dog II - The Lost Gold (USA),MAD DOG II THE LOST GOLD,MAD DOG II THE LOST GOLD,T-111065,1995.MAR,SEGA GENESIS,(C)T-111,GM,0,JMG,U,263207616
Mad Dog McCree (USA),MAD DOG MCCREE,MAD DOG MCCREE,T-11105,1993.OCT,SEGA GENESIS,(C)T-111,GM,0,JMG,U,242677008
Mahou no Shoujo - Silky Lip (Japan),魔法の少女シルキーリップ,Magical princessSilky Lip,T-49024,1992.MAR,SEGA MEGA DRIVE,(C)T-49,GM,0,J,J,99339072
Make My Video - INXS (Europe),MAKE MY VIDEO -- INXS,MAKE MY VIDEO -- INXS,MK-4902,1993.AUG,SEGA MEGA DRIVE,(C)SEGA,GM,1,J,E,509570208
Make My Video - INXS (USA),MAKE MY VIDEO -- INXS,MAKE MY VIDEO -- INXS,MK-4902,1993.JAN,SEGA GENESIS,(C)SEGA,GM,0,J,U,504426384
Make My Video - Kris Kross (Europe),MAKE MY VIDEO -- KRIS KROSS,MAKE MY VIDEO -- KRIS KROSS,MK-4901,1993.JUN,SEGA MEGA DRIVE,(C)SEGA,GM,0,J,E,384817776
Mansion of Hidden Souls (USA),MANSION OF HIDDEN SOULS,MANSION OF HIDDEN SOULS,T- 23015,1994.JAN,SEGA GENESIS,(C)T-23,GM,-,JM,U,605141376
Marko (USA) (Unl),SEGA CD SAMPLE APP. WRITTEN BY,SEGA CD SAMPLE APP. WRITTEN BY,MK-xxxx,1993.MAY,SEGA GENESIS,(C)SEGA,GM,0,J,U,16174704
"Marko's Magic Football (Europe) (En,Fr,De,Es)",MARKOS MAGIC FOOTBALL PUBLISHE,MARKOS MAGIC FOOTBALL PUBLISHE,T-88025,1995.JUN,SEGA MEGADRIVE,(C)T-88,GM,5,J,E,16162944
Mary Shelley's Frankenstein (USA),MARY SHELLEY`S FRANKENSTEIN,MARY SHELLEY`S FRANKENSTEIN,T-93155,1994.OCT,SEGA GENESIS,(C)T-93,GM,0,J,U,107023056
"Masked Rider, The - Kamen Rider ZO (USA)",KAMEN RIDER ZO,THE MASKED RIDER: KAMEN RIDER,MK-4444,1994.AUG,SEGA GENESIS,(C)SEGA,GM,0,J,U,441108192
Mega Schwarzschild (Japan),MEGA Schwarzschild,MEGA Schwarzschild,G-6020-,1993.JUN,SEGA MEGA DRIVE,(C)SEGA,GM,0,J,J,12484416
MegaRace (USA),MEGARACE,MEGARACE,T-87025,1994.DEC,SEGA GENESIS,(C)T-87,GM,0,J,U,588409248
Mickey Mania - The Timeless Adventures of Mickey Mouse (USA),MICKEY MANIA,MICKEY MANIA,T-93265,1994.SEP,SEGA GENESIS,(C)T-93,GM,0,J,U,15676080
Mickey Mania (Europe),MICKEY MANIA,MICKEY MANIA,T-93305,1994.SEP,SEGA MEGA DRIVE,(C)T-93,GM,0,J,E,15676080
Microcosm (Europe),MICROCOSM,MICROCOSM,T-11301,1993.NOV,SEGA MEGA DRIVE,(C)T-113,GM,0,J,E,274203216
Microcosm (Europe) (Alt),MICROCOSM,MICROCOSM,T-11301,1993.NOV,SEGA MEGA DRIVE,(C)T-113,GM,0,J,E,274203216
Microcosm (Japan),MICROCOSM,MICROCOSM,T-60164,1994.FEB,SEGA MEGA DRIVE,(C)T-60,GM,0,J,J,274203216
Microcosm (USA),MICROCOSM,MICROCOSM,T-11301,1993.DEC,SEGA GENESIS,(C)T-113,GM,0,J,U,274203216
Midnight Raiders (Europe),MIDNIGHT RAIDERS,MIDNIGHT RAIDERS,MK-4439,1995.APR,SEGA MEGA DRIVE,(C)SEGA,GM,0,J,E,499454256
Midnight Raiders (USA),MIDNIGHT RAIDERS,MIDNIGHT RAIDERS,MK-4439,1994.DEC,SEGA GENESIS,(C)SEGA,GM,0,J,U,499454256
Might and Magic III - Isles of Terra (Japan),MIGHT AND MAGIC3,MIGHT AND MAGIC3,T-68024,1993.OCT,SEGA MEGA DRIVE,(C)T-68,GM,0,JM,J,25625040
Mighty Mighty Missile (USA) (Unl),MIGHTY_MIGHTY_MISSILE,MIGHTY_MIGHTY_MISSILE,MK-4407,2005.SEP,SEGA GENESIS,(C)EVMD,GM,0,J,U,25244016
Mighty Morphin Power Rangers (Europe),MIGHTY MORPHIN POWER RANGERS,MIGHTY MORPHIN POWER RANGERS,MK-4442,1994.OCT,SEGA GENESIS,(C)SEGA,GM,0,J,E,465505488
Mighty Morphin Power Rangers (USA),MIGHTY MORPHIN POWER RANGERS,MIGHTY MORPHIN POWER RANGERS,MK-4442,1994.OCT,SEGA GENESIS,(C)SEGA,GM,0,J,U,465155040
Mortal Kombat (Europe),MORTAL KOMBAT,MORTAL KOMBAT,T-81025,1994.MAY,SEGA GENESIS,(C)T-81,GM,0,J6L,E,37516752
Mortal Kombat (USA),MORTAL KOMBAT,MORTAL KOMBAT,T-81025,1994.MAY,SEGA GENESIS,(C)T-81,GM,0,J6L,U,37516752
Mortal Kombat Kanzenban (Japan),MORTAL KOMBAT,MORTAL KOMBAT,T-81025,1994.MAY,SEGA GENESIS,(C)T-81,GM,0,J6L,J,37516752
My Paint (USA),MYPAINT SEGA CD,MYPAINT MEGA CD,T-109015,1994.MH,SEGA MEGA DRIVE,(C)T-109,AI,0,"J,M",U,44685648
NBA Jam (Europe),NBAJAM          RAM,NBAJAM          RAM,T-81035,1994.SEP,SEGA MEGA DRIVE,(C)T-81,GM,0,J4,E,51240672
NBA Jam (Japan),NBAJAM          RAM,NBAJAM          RAM,T-81035,1994.SEP,SEGA MEGA DRIVE,(C)T-81,GM,0,J4,J,51292416
NBA Jam (USA),NBAJAM          RAM,NBAJAM          RAM,T-81035,1994.SEP,SEGA GENESIS,(C)T-81,GM,0,J,U,51240672
NFL Football Trivia Challenge (USA),NFL TRIVIA CHALLENGE,NFL TRIVIA CHALLENGE,T-135015,1994.NOV,SEGA GENESIS,(C)T-13,GM,0,J,U,583655856
NFL's Greatest - San Francisco vs. Dallas 1978-1993 (USA),N.F.L.'S GREATEST SAN FRANCISC,N.F.L.'S GREATEST SAN FRANCISC,MK-4202,1993.DEC,SEGA GENESIS,(C)SEGA,GM,0,J,U,627755856
NHL '94 (USA),NHL HOCKEY 94,NHL HOCKEY 94,T-50015,1993.NOV,SEGA GENESIS,(C)T-50,GM,0,J,U,209363280
NHL Hockey '94 (Europe),NHL HOCKEY 94,NHL HOCKEY 94,T-50015,1993.NOV,SEGA MEGADRIVE,(C)T-50,GM,0,J,E,209363280
"Night Striker (Japan, Korea)",NIGHT STRIKER,NIGHT STRIKER,T-11014,1993.MAY,SEGA MEGA DRIVE,(C)T-11,GM,0,JAC,J,15605520
Night Trap (Europe) (Disc 1),(unknown),NIGHT TRAP,MK-4903,1993.APR,SEGA MEGA DRIVE,(C)SEGA,GM,0,J,E,615939408
Night Trap (Europe) (Disc 1) (Mega-CD 32X),NIGHT TRAP,DISK1,T-16202F,1995.JAN,SEGA 32X,(C)T-162,GM,50,J,E,617058960
Night Trap (Europe) (Disc 2),(unknown),NIGHT TRAP,MK-4903,1993.APR,SEGA MEGA DRIVE,(C)SEGA,GM,0,J,E,514650528
Night Trap (Europe) (Disc 2) (Mega-CD 32X),NIGHT TRAP,DISK2,T-16202F,1995.JAN,SEGA 32X,(C)T-162,GM,50,J,E,515276160
Night Trap (France) (Disc 1),NIGHT TRAP,DISK1,MK-4903,1994.APR,SEGA MEGA DRIVE,(C)SEGA,GM,0,J,E,615753600
Night Trap (France) (Disc 2),NIGHT TRAP,DISK2,MK-4903,1994.APR,SEGA MEGA DRIVE,(C)SEGA,GM,0,J,E,514464720
Night Trap (Japan) (Disc 1),NIGHT TRAP,DISK1,G-6025,1993.OCT,SEGA MEGA DRIVE,(C)SEGA,GM,0,J,J,615875904
Night Trap (Japan) (Disc 2),NIGHT TRAP,DISK2,G-6025,1993.OCT,SEGA MEGA DRIVE,(C)SEGA,GM,0,J,J,514587024
Night Trap (USA) (Disc 1) (Rerelease),NIGHT TRAP,DISK1,T-162105,1994.DEC,SEGA GENESIS,(C)T-162,GM,0,J,U,617058960
Night Trap (USA) (Disc 1) (Rerelease) (Alt),NIGHT TRAP,DISK1,T-162105,1994.DEC,SEGA GENESIS,(C)T-162,GM,0,J,U,617058960
Night Trap (USA) (Disc 1) (Sega CD 32X) (RE-1),NIGHT TRAP,DISK1,T-16202F,1994.DEC,SEGA 32X,(C)T-162,GM,0,J,U,617061312
Night Trap (USA) (Disc 2) (Rerelease),NIGHT TRAP,DISK2,T-162105,1994.DEC,SEGA GENESIS,(C)T-162,GM,0,J,U,515276160
Night Trap (USA) (Disc 2) (Rerelease) (Alt),NIGHT TRAP,DISK2,T-162105,1994.DEC,SEGA GENESIS,(C)T-162,GM,0,J,U,515276160
Night Trap (USA) (Disc 2) (Sega CD 32X) (RE-1),NIGHT TRAP,DISK2,T-16202F,1994.DEC,SEGA 32X,(C)T-162,GM,0,J,U,515278512
"Ninja Warriors, The (Japan)",THE NINJA WARRIORS,THE NINJA WARRIORS,T-11024,1993.MAR,SEGA MEGA DRIVE,(C)T-11,GM,0,JC,J,14253120
Nobunaga no Yabou - Haouden (Japan),信長の野望・覇王伝ECTION,ECTION,T-76024,1994.FEB,SEGA MEGA DRIVE,(C)T-76,GM,0,JM,J,10101840
Nostalgia 1907 - In North Atlantic Sea (Japan),NOSTALGIA 1907 BY TAKERU,NOSTALGIA 1907 BY TAKERU,0,1991.NOV,SEGA MEGA DRIVE,(C)SEGA,XX,0,J,J,192649968
Note! Color Mechanica (USA) (Unl),NOTE! / BATSLY ADAMS - COLOR M,NOTE! / BATSLY ADAMS - COLOR M,T-00012,2013.JAN,SEGA GENESIS,(C)T-BA,GM,0,J,U,218914752
Note! Color Mechanica (USA) (Unl) (Alt),NOTE! / BATSLY ADAMS - COLOR M,NOTE! / BATSLY ADAMS - COLOR M,T-00012,2013.JAN,SEGA GENESIS,(C)T-BA,GM,0,J,U,218561952
Novastorm (Europe),NOVASTORM,NOVASTORM,T-113065,1994.NOV,SEGA MEGA DRIVE,(C)T-113,GM,0,J,E,418559568
Novastorm (USA),NOVASTORM,NOVASTORM,T-113025,1994.NOV,SEGA GENESIS,(C)T-113,GM,0,J,U,418559568
Panic! (USA) (RE),SWITCH,PANIC!,T-13015,1994.SEP,SEGA GENESIS,(C)T-13,GM,0,J6M,U,254387616
Pier Solar and the Great Architects - The Definitive Original Soundtrack (Europe) (Disc 4) (Enhanced Soundtrack Disc),PIERSOLAR& THE GREAT ARCHITEC,PIERSOLAR& THE GREAT ARCHITEC,T-5740??,2010.AUG,SEGA MEGA DRIVE,(c)T574,GM,1,J,J,755754048
Pier Solar and the Great Architects Enhanced Soundtrack Disc (USA),PIERSOLAR& THE GREAT ARCHITEC,PIERSOLAR& THE GREAT ARCHITEC,T-5740??,2010.AUG,SEGA MEGA DRIVE,(c)T574,GM,1,J,J,511769328
Pitfall - The Mayan Adventure (Europe),PITFALL,PITFALL,T-130025,1994.NOV,SEGA MEGA DRIVE,(C)T130,GM,50,J6,E,26104848
Pitfall - The Mayan Adventure (USA),PITFALL,PITFALL,T-130025,1994.NOV,SEGA GENESIS,(C)T130,GM,0,J6,U,26104848
Popful Mail (USA) (RE),Popful MAIL,Popful MAIL,T-127035,95.JAN,SEGA GENESIS,T-127 19,GM,0,J,U,421130304
PopfulMail (Japan),Popful MAIL,Popful MAIL,G-6029,1994.APR,SEGA MEGA DRIVE,(C)SEGA,GM,0,J,J,349281408
Power Factory (Europe),MAKE MY VIDEO -- C & C MUSIC F,MAKE MY VIDEO -- C & C MUSIC F,MK-4901,1993.JUN,SEGA MEGA DRIVE,(C)SEGA,GM,0,J,E,429978528
Power Monger (USA),POWERMONGER,POWERMONGER,T-50035,1994.JUN,SEGA GENESIS,(C)T-50,GM,0,J,U,387771888
PowerMonger (Europe),POWERMONGER,POWERMONGER,T-50035,1994.JUN,SEGA MEGA DRIVE,(C)T-50,GM,0,J,E,387948288
Prince of Persia (Europe),Prince of Persia,Prince of Persia,MK-4652-,1992.Aug,SEGA MEGA DRIVE,(C)SEGA,GM,0,J,J,2641296
Prince of Persia (Japan),Prince of Pelsia,Prince of Pelsia,T-60014,1992.Aug,SEGA MEGA DRIVE,(C)VICT,GM,(unknown),J,J,7933296
Prince of Persia (USA),Prince of Persia,Prince of Persia,MK-4652-,1992.Aug,SEGA GENESIS,(C)SEGA,GM,0,J,J,2641296
Prize Fighter (Europe) (Disc 1),Prize Fighter,Prize Fighter,MK-4206,1993.DEC,SEGA MEGA DRIVE,(C)SEGA,GM,0,J6,E,410539248
Prize Fighter (Europe) (Disc 2),Prize Fighter,Prize Fighter,MK-4206,1993.DEC,SEGA MEGA DRIVE,(C)SEGA,GM,0,J6,E,481202736
Prize Fighter (Japan) (Disc 1),Prize Fighter,Prize Fighter,G-6037,1994.DEC,SEGA MEGA DRIVE,(C)SEGA,GM,0,J6,J,398005440
Prize Fighter (Japan) (Disc 2),Prize Fighter,Prize Fighter,G-6037,1994.DEC,SEGA MEGA DRIVE,(C)SEGA,GM,0,J6,J,468791232
Prize Fighter (USA) (Disc 1),Prize Fighter,Prize Fighter,MK-4206,1993.NOV,SEGA GENESIS,(C)SEGA,GM,0,J6,U,410527488
Prize Fighter (USA) (Disc 1) (Alt),Prize Fighter,Prize Fighter,MK-4206,1993.NOV,SEGA GENESIS,(C)SEGA,GM,0,J6,U,410527488
Prize Fighter (USA) (Disc 2),Prize Fighter,Prize Fighter,MK-4206,1993.NOV,SEGA GENESIS,(C)SEGA,GM,0,J6,U,471286704
Pro Yakyuu Super League CD (Japan),PUROYAKYUU      SUPER-LEAGUE C,PUROYAKYUU      SUPER-LEAGUE C,G-6010-0,1992.SEP,SEGA MEGA DRIVE,(C)SEGA,GM,(unknown),J,J,51685200
Psychic Detective Series Vol. 3 - Aya (Japan),AYA PSYCHIC DETECTIVE SERIES V,AYA PSYCHIC DETECTIVE SERIES V,T-84024,1992.SEP,SEGA MEGA DRIVE,(C)T-84,GM,0,J,J,37479120
Psychic Detective Series Vol. 4 - Orgel (Japan),ORGEL PSYCHIC DETECTIVE SERIES,ORGEL PSYCHIC DETECTIVE SERIES,T-84034,1993.SEP,SEGA MEGA DRIVE,(C)T-84,GM,0,J,J,160916784
Psygnosis Christmas Sampler (Europe),PUGGSY CD,PUGGSY CD,T-99999,1993.NOV,SEGA MEGA DRIVE,(C)T-999,GM,-,J,E,94324608
Psygnosis Christmas Sampler (Europe) (Alt),PUGGSY CD,PUGGSY CD,T-99999,1993.NOV,SEGA MEGA DRIVE,(C)T-999,GM,-,J,E,94324608
Puggsy (Europe),PUGGSY CD,PUGGSY CD,T-11303,1993.SEP,SEGA MEGA DRIVE,(C)T-113,GM,-,J,E,104565216
Puggsy (USA),PUGGSY CD,PUGGSY CD,T-11303,1993.SEP,SEGA GENESIS,(C)T-113,GM,-,J,U,104388816
Quiz Scramble Special (Japan) (Rev B),QUIZ SCRAMBLE SPECIAL,(unknown),T-06003,1992.MAR,SEGA MEGA DRIVE,(C)SEGA,GM,0,J,J,28261632
Quiz Tonosama no Yabou (Japan),CAPCOM NO QUIZ   TONOSAMA NO,(unknown),44024,1992.SEP,SEGA MEGA DRIVE,(C)SIMS,GM,0,J,J,498555792
Racing Aces (USA),Racing Aces,Racing Aces,MK-4607,1993.NOV,SEGA GENESIS,(C)SEGA,GM,0,J6,U,14939904
Radical Rex (USA),RADICAL REX,RADICAL REX,T-130035,1994.NOV,SEGA GENESIS,(C)T130,GM,1,J,U,10925040
Ranma 1-2 - Byakuranaika (Japan),MEGA-CD RANMA1/2,MEGA-CD RANMA1/2,T-25014,1992.EPI,SEGA MEGA DRIVE,T-25,GM,0,J,J,49519008
RDF - Global Conflict (USA),RDF:GLOBAL CONFLICT,RDF:GLOBAL CONFLICT,T-86025,1995.JAN,SEGA GENESIS,(C)T-86,GM,0,J,U,256711392
Record of Lodoss War (Japan),ロードス島戦記,RECORD OF LODOSS WAR,G-6024 -,1994.MAY,SEGA MEGA DRIVE,(C)SEGA,GM,0,J,J,190392048
Revenge of the Ninja (USA),NINJA HAYATE,REVENGE OF THE  NINJA,T-49035-,1994.JAN,SEGA GENESIS,(C)T-49,GM,0,J,U,325801392
Revengers of Vengeance (USA),BATTLE FANTASY,REVENGERS OF VENGEANCE,T-22035-,1994.SEP,SEGA GENESIS,(C)T-22,GM,0,J,U,20659968
Rise of the Dragon - A Blade Hunter Mystery (Japan),RISE OF THE DRAGON,RISE OF THE DRAGON,G-6002-0,1992.JUL,SEGA MEGA DRIVE,(C)SEGA,GM,(unknown),JM,J,178145184
Rise of the Dragon (USA),RISE OF THE DRAGON,RISE OF THE DRAGON,MK-4301-,1993.MAR,SEGA GENESIS,(C)SEGA,GM,0,JM,U,128993088
Rise of the Dragon (USA) (Rerelease) (RE),RISE OF THE DRAGON,RISE OF THE DRAGON,T-110035,1994.MAR,SEGA GENESIS,(C)SEGA,GM,0,JM,U,129028368
Road Avenger (Europe),ROAD BLASTER FX,ROAD AVENGER,4603-50,1993.FEB,SEGA MEGA DRIVE,(C)T-32,MK,(unknown),J,JUE,317816352
Road Avenger (USA),ROAD AVENGER,ROAD BLASTER FX,T-6207 -,1993.FEB,SEGA GENESIS,(C)T-32,GM,0,J,JU,317816352
Road Blaster FX (Japan),ROAD BRASTER FX,ROAD BRASTER FX,T-32124,1992.DEC,SEGA MEGA DRIVE,(C)T-32,GM,1,J,J,317806944
Road Rash (USA),ROAD RASH,ROAD RASH,T-50085,95.MAR,SEGA GENESIS,(C)EA 19,GM,(unknown),J,U,624799392
Robo Aleste (Europe),電忍アレスタ,ROBO ALESTE,MK-4416,1993.MAR,SEGA MEGA DRIVE,(C)T-66,GM,0,J,E,14930496
Robo Aleste (USA),電忍アレスタ,ROBO ALESTE,T-48015,1993.MAR,SEGA MEGA DRIVE,(C)T-66,GM,0,J,U,14932848
Samurai Shodown (Europe),Samurai Shodown,Samurai Shodown,T-60175,1995.JUN,SEGA MEGA DRIVE,(C)T-60,GM,50,J6,E,15530256
Samurai Shodown (USA) (RE),Samurai Shodown,Samurai Shodown,T-60175,1995.JUN,SEGA GENESIS,(C)T-60,GM,0,J6,U,15527904
"San Diego Zoo Presents... The Animals!, The (Europe)",THE ANIMALS (SOFTWARE TOOLWORK,THE ANIMALS (SOFTWARE TOOLWORK,T-158015,1994.JUN,SEGA MEGA DRIVE,(C)T-158,GM,0,J,E,695867424
"San Diego Zoo Presents... The Animals!, The (USA)",THE ANIMALS (SOFTWARE TOOLWORK,THE ANIMALS (SOFTWARE TOOLWORK,T-87015,1994.APR,SEGA GENESIS,(C)T-87,GM,0,J,U,695686320
Sangokushi III (Japan),三國志Ⅲ        ECTION,ECTION,T-76014,1993.FEB,SEGA MEGA DRIVE,(C)T-76,GM,0,J,J,11160240
"Secret of Monkey Island, The (Japan)",MONKEY ISLAND,MONKEY ISLAND,T-60044,1993.8,SEGA MEGA DRIVE,(C)T-60,GM,0,JCBM,J,18355008
"Secret of Monkey Island, The (USA) (Limited Run Games)",MONKEY ISLAND,MONKEY ISLAND,T-60035,1993.8,SEGA GENESIS,(C)T-60,GM,0,JCBM,U,13063008
"Secret of Monkey Island, The (USA) (RE)",MONKEY ISLAND,MONKEY ISLAND,T-60035,1993.8,SEGA GENESIS,(C)T-60,GM,0,JCBM,U,13063008
Sega CD Demo (Japan) (Proto) (1992-05-29),DOMESTIC TITLE,OVERSEAS TITLE,T-32024,1991.DEC,SEGA MEGA DRIVE,(C)T-32,GM,1,J,J,36658272
Sega Classic Arcade Collection - Limited Edition (Japan),SEGA CLASSIC,SEGA CLASSIC,G-6012-,1992.SEP,SEGA MEGA DRIVE,(C)SEGA,GM,0,J,J     10/09-1992,25149936
Sega Classics Arcade Collection - Limited Edition (Europe) (Rev A),SEGA CLASSIC,SEGA CLASSIC,G-6012-,1992.DEC,SEGA MEGA DRIVE,(C)SEGA,GM,1,J,E     12/09-1992,25893168
Sega Classics Arcade Collection - Limited Edition (Europe) (Rev A) (Alt),SEGA CLASSIC,SEGA CLASSIC,G-6012-,1992.DEC,SEGA MEGA DRIVE,(C)SEGA,GM,1,J,E     12/09-1992,25893168
Sega Classics Arcade Collection (USA) (4-in-1) (RE),SEGA CLASSIC,SEGA CLASSIC,G-6012-,1992.SEP,SEGA MEGA DRIVE,(C)SEGA,GM,0,J,U     10/09-1992,25149936
Sega Classics Arcade Collection (USA) (4-in-1) (RE2),SEGA CLASSIC,SEGA CLASSIC,G-6012-,1992.DEC,SEGA MEGA DRIVE,(C)SEGA,GM,1,J,U     12/09-1992,25893168
Sega Classics Arcade Collection (USA) (5-in-1),SEGA CLASSIC,SEGA CLASSIC,G-6012-,1992.DEC,SEGA MEGA DRIVE,(C)SEGA,GM,1,J,U     12/09-1992,25893168
"Seima Densetsu 3x3 Eyes (Japan, Korea)",SEGA 3X3EYES,SEGA 3X3EYES,G-6007-,1993.JUN,SEGA MEGA DRIVE,(C)SEGA,GM,0,J,J,310675680
Seirei Shinseiki - Fhey Area (Japan),精霊神世紀フェイエリア,FHEYAREA,T-32034,1992.JAN,SEGA MEGA DRIVE,(C)T-32,GM,1,J,J,16285248
Sengoku Denshou (Japan),戦国伝承,SENGOKU,T-24034,1993.DEC,SEGA MEGA DRIVE,(C)T-24,GM,0,J,J,14994000
"Sensible Soccer (Europe) (En,Fr,De,It)",SENSIBLE SOCCER,SENSIBLE SOCCER,T-93185-,1994.JUN,SEGA MEGA-CD,(C)T-93,GM,0,J,E,27048000
Sewer Shark (Europe),SEWER SHARK,SEWER SHARK,T-06201,1993.JUL,SEGA GENESIS,(C)SEGA,GM,0,J,E,487536672
Sewer Shark (USA) (Not for Resale),SEWER SHARK,SEWER SHARK,T-06201,1993.JUN,SEGA GENESIS,(C)SEGA,GM,3,J,U,487360272
Sewer Shark (USA) (Not for Resale) (Alt 1),SEWER SHARK,SEWER SHARK,T-06201,1993.JUN,SEGA GENESIS,(C)SEGA,GM,3,J,U,487360272
Sewer Shark (USA) (Not for Resale) (Alt 2),SEWER SHARK,SEWER SHARK,T-06201,1993.JUN,SEGA GENESIS,(C)SEGA,GM,3,J,U,487360272
Shadow of the Beast II - Juushin no Jubaku (Japan),SHADOW OF THE BEAST TWO,SHADOW OF THE BEAST TWO,T-60034,1994.JUL,SEGA MEGA DRIVE,(C)T-60,GM,0,J,J,29976240
Shadow of the Beast II (USA),SHADOW OF THE BEAST TWO,SHADOW OF THE BEAST TWO,T-113045,1994.AUG,SEGA GENESIS,(C)T-113,GM,1,J,U,24051552
Shadowrun (Japan),SHADOWRUN,(unknown),T-66024,1993.AUG,SEGA MEGA DRIVE,(C)SEGA,GM,0,JM,J,218696016
Sherlock Holmes - Consulting Detective - Vol. II (Europe) (Disc 1),SHERLOCK HOLMES Consulting Det,SHERLOCK HOLMES Consulting Det,MK-4653,1993.APR,SEGA MEGA DRIVE,(C)SEGA,GM,0,J,E,529374048
Sherlock Holmes - Consulting Detective - Vol. II (Europe) (Disc 2),SHERLOCK HOLMES Consulting Det,SHERLOCK HOLMES Consulting Det,MK-4653,1993.APR,SEGA MEGA DRIVE,(C)SEGA,GM,0,J,E,326208288
Sherlock Holmes - Consulting Detective - Vol. II (USA) (Disc 1),SHERLOCK HOLMES Consulting Det,SHERLOCK HOLMES Consulting Det,MK-4653,1993.APR,SEGA GENESIS,(C)SEGA,GM,0,J,U,529374048
Sherlock Holmes - Consulting Detective - Vol. II (USA) (Disc 2),SHERLOCK HOLMES Consulting Det,SHERLOCK HOLMES Consulting Det,MK-4653,1993.APR,SEGA GENESIS,(C)SEGA,GM,0,J,U,326208288
Sherlock Holmes - Consulting Detective (USA),SherlockHolmes01,SherlockHolmes01,T-4501,1992.OCT,SEGA MEGA DRIVE,(C)ICOM,GM,-,J,J,750673728
Shin Megami Tensei (Japan),SIN MEGAMI        TENSEI,(unknown),T-044044,1994.JAN,SEGA MEGA DRIVE,(C)SIMS,GM,0,JM6,J,68633712
Shining Force CD (Europe),SHINING FORCE CD,SHINING FORCE CD,MK-4656,1995.FEB,SEGA MEGA DRIVE,(C)SEGA,GM,0,J,E,68664288
Shining Force CD (Japan),SHINING FORCE CD,SHINING FORCE CD,G-6036,1994.JUL,SEGA MEGA DRIVE,(C)SEGA,GM,0,J,J,68664288
Shining Force CD (USA) (3R),SHINING FORCE CD,SHINING FORCE CD,MK-4656,1995.FEB,SEGA GENESIS,(C)SEGA,GM,0,J,U,68666640
"Shining Force CD (USA) (5R, 6R)",SHINING FORCE CD,SHINING FORCE CD,MK-4656,1995.FEB,SEGA GENESIS,(C)SEGA,GM,0,J,U,68666640
Silpheed (Europe),SILPHEED,SILPHEED,MK-4423-,1993.OCT,SEGA MEGA DRIVE,(C)T-45,GM,0,J,E,362417328
Silpheed (Japan),ＳＩＬＰＨＥＥＤ,(unknown),T-45054,1993.JUN,SEGA MEGA DRIVE,(C)T-45,GM,0,J,J,369174624
Silpheed (USA),ＳＩＬＰＨＥＥＤ,SILPHEED,MK-4419-,1993.AUG,SEGA GENESIS,(C)T-45,GM,0,J,U,369233424
SimEarth (Japan),SIM EARTH,SIM EARTH,G-6008,1993.JAN,SEGA MEGA DRIVE,(C)SEGA,GM,0,J,J,8768256
Sing!! Sega Game Music Presented by B. B. Queens (Japan),QUIZ SCRAMBLE SPECIAL,(unknown),T-60064,1992.FEB,SEGA MEGA DRIVE,(C)SEGA,GM,0,J,J,1444128
Slam City with Scottie Pippen (Europe) (Disc 1) (Fingers),Slam City with Scottie Pippen,Slam City with Scottie Pippen,T-162035,1995.FEB,SEGA GENESIS,(C)T-162,GM,50,J,8,587068608
Slam City with Scottie Pippen (Europe) (Disc 1) (Fingers) (Mega-CD 32X),Slam City with Scottie Pippen,Slam City with Scottie Pippen,T-16204F,1995.FEB,SEGA 32X,(C)T-162,GM,50,J,8,607693296
Slam City with Scottie Pippen (Europe) (Disc 2) (Juice),Slam City with Scottie Pippen,Slam City with Scottie Pippen,T-162035,1995.FEB,SEGA GENESIS,(C)T-162,GM,50,J,8,567038976
Slam City with Scottie Pippen (Europe) (Disc 2) (Juice) (Mega-CD 32X),Slam City with Scottie Pippen,Slam City with Scottie Pippen,T-16204F,1995.FEB,SEGA 32X,(C)T-162,GM,50,J,8,594359808
Slam City with Scottie Pippen (Europe) (Disc 3) (Mad Dog),Slam City with Scottie Pippen,Slam City with Scottie Pippen,T-162035,1995.FEB,SEGA GENESIS,(C)T-162,GM,50,J,8,573641040
Slam City with Scottie Pippen (Europe) (Disc 3) (Mad Dog) (Mega-CD 32X),Slam City with Scottie Pippen,Slam City with Scottie Pippen,T-16204F,1995.FEB,SEGA 32X,(C)T-162,GM,50,J,8,598995600
Slam City with Scottie Pippen (Europe) (Disc 4) (Smash),Slam City with Scottie Pippen,Slam City with Scottie Pippen,T-162035,1995.FEB,SEGA GENESIS,(C)T-162,GM,50,J,8,541712640
Slam City with Scottie Pippen (Europe) (Disc 4) (Smash) (Mega-CD 32X),Slam City with Scottie Pippen,Slam City with Scottie Pippen,T-16204F,1995.FEB,SEGA 32X,(C)T-162,GM,50,J,8,565056240
Slam City with Scottie Pippen (USA) (Disc 1) (Fingers),Slam City with Scottie Pippen,Slam City with Scottie Pippen,T-162035,1994.NOV,SEGA GENESIS,(C)T-162,GM,0,J,U,587070960
Slam City with Scottie Pippen (USA) (Disc 1) (Fingers) (Sega CD 32X),Slam City with Scottie Pippen,Slam City with Scottie Pippen,T-16204F,1995.FEB,SEGA GENESIS,(C)T-162,GM,0,J,4,607693296
Slam City with Scottie Pippen (USA) (Disc 2) (Juice) (Sega CD 32X),Slam City with Scottie Pippen,Slam City with Scottie Pippen,T-16204F,1995.FEB,SEGA GENESIS,(C)T-162,GM,0,J,4,594359808
Slam City with Scottie Pippen (USA) (Disc 3) (Mad Dog),Slam City with Scottie Pippen,Slam City with Scottie Pippen,T-162035,1994.NOV,SEGA GENESIS,(C)T-162,GM,0,J,U,573643392
Slam City with Scottie Pippen (USA) (Disc 3) (Mad Dog) (Sega CD 32X),Slam City with Scottie Pippen,Slam City with Scottie Pippen,T-16204F,1995.FEB,SEGA GENESIS,(C)T-162,GM,0,J,4,598995600
Slam City with Scottie Pippen (USA) (Disc 4) (Smash) (RE-1),Slam City with Scottie Pippen,Slam City with Scottie Pippen,T-162035,1994.NOV,SEGA GENESIS,(C)T-162,GM,0,J,U,541714992
Slam City with Scottie Pippen (USA) (Disc 4) (Smash) (Sega CD 32X),Slam City with Scottie Pippen,Slam City with Scottie Pippen,T-16204F,1995.FEB,SEGA GENESIS,(C)T-162,GM,0,J,4,565056240
"Slam City with Scottie Pippen (USA, Brazil) (Disc 1) (Fingers) (RE-1)",Slam City with Scottie Pippen,Slam City with Scottie Pippen,T-162035,1994.NOV,SEGA GENESIS,(C)T-162,GM,0,J,U,587070960
"Slam City with Scottie Pippen (USA, Brazil) (Disc 2) (Juice) (RE-1)",Slam City with Scottie Pippen,Slam City with Scottie Pippen,T-162035,1994.NOV,SEGA GENESIS,(C)T-162,GM,0,J,U,567038976
"Slam City with Scottie Pippen (USA, Brazil) (Disc 3) (Mad Dog) (RE-1)",Slam City with Scottie Pippen,Slam City with Scottie Pippen,T-162035,1994.NOV,SEGA GENESIS,(C)T-162,GM,0,J,U,573643392
"Slam City with Scottie Pippen (USA, Brazil) (Disc 4) (Smash)",Slam City with Scottie Pippen,Slam City with Scottie Pippen,T-162035,1994.NOV,SEGA GENESIS,(C)T-162,GM,0,J,U,541714992
"Smurfs, The (Europe) (En,Fr,De,Es,It)",SMURFS,SMURFS,T-151015,1994.DEC,SEGA GENESIS,(C)T-151,GM,0,J,U,16398144
Snatcher (Europe),SNATCHER,SNATCHER,T-95035,1994.NOV,SEGA MEGA DRIVE,(C)T-95,GM,0,J,J,131744928
Snatcher (USA),SNATCHER,SNATCHER,T-95035,1994.OCT,SEGA GENESIS,(C)T-95,GM,0,J,J,131744928
"Software Toolworks' Star Wars Chess, The (Europe)",SEGA CD BEEF BOOT   SYSTEM BOO,SOFTWARE TOOLWORKS PRESENTS ST,T-158025,1994.JUN,SEGA MEGA DRIVE,(C)T-158,GM,0,J,E,261163728
"Software Toolworks' Star Wars Chess, The (USA)",SEGA CD BEEF BOOT   SYSTEM BOO,SOFTWARE TOOLWORKS PRESENTS ST,T-87035,1994.JUN,SEGA GENESIS,(C)T-87,GM,0,J,U,261166080
"Software Toolworks' Star Wars Chess, The (USA) (Alt)",SEGA CD BEEF BOOT   SYSTEM BOO,SOFTWARE TOOLWORKS PRESENTS ST,T-87035,1994.JUN,SEGA GENESIS,(C)T-87,GM,0,J,U,261163728
Sol-Feace (Europe),SOL-FEACE,SOL-FEACE,MK-4404,1992.OCT,SEGA MEGA DRIVE,(C)T-32,GM,(unknown),J,U,6319824
Sol-Feace (Europe) (Alt),SOL-FEACE,SOL-FEACE,MK-4404,1992.OCT,SEGA MEGA DRIVE,(C)T-32,GM,(unknown),J,U,6319824
Sol-Feace (Japan),ソルフィース,SOL-FEACE,T-32024,1991.DEC,SEGA MEGA DRIVE,(C)T-32,GM,1,J,J,4097184
Sol-Feace (USA) (RE),SOL-FEACE,SOL-FEACE,MK-4404,1992.OCT,SEGA MEGA DRIVE,(C)T-32,GM,(unknown),J,U,6331584
Sol-Feace (USA) (RE2),SOL-FEACE,SOL-FEACE,MK-4404,1992.OCT,SEGA MEGA DRIVE,(C)T-32,GM,(unknown),J,U,6326880
Sonic CD (Europe),SONIC THE HEDGEHOG-CD,SONIC THE HEDGEHOG-CD,MK-4407-,1993.AUG,SEGA MEGA DRIVE,(C)SEGA,GM,0,J,E,129590496
Sonic CD (USA),SONIC THE HEDGEHOG-CD,SONIC THE HEDGEHOG-CD,MK-4407,1993.OCT,SEGA GENESIS,(C)SEGA,GM,0,J,U,139381872
Sonic CD (USA) (Alt),SONIC THE HEDGEHOG-CD,SONIC THE HEDGEHOG-CD,MK-4407,1993.OCT,SEGA GENESIS,(C)SEGA,GM,0,J,U,139381872
Sonic CD (USA) (RE125),SONIC THE HEDGEHOG-CD,SONIC THE HEDGEHOG-CD,MK-4407,1993.OCT,SEGA GENESIS,(C)SEGA,GM,0,J,U,139381872
Sonic CD (USA) (RE125) (Alt 1),SONIC THE HEDGEHOG-CD,SONIC THE HEDGEHOG-CD,MK-4407,1993.OCT,SEGA GENESIS,(C)SEGA,GM,0,J,U,139381872
Sonic CD (USA) (RE125) (Alt 2),SONIC THE HEDGEHOG-CD,SONIC THE HEDGEHOG-CD,MK-4407,1993.OCT,SEGA GENESIS,(C)SEGA,GM,0,J,U,139381872
Sonic the Hedgehog CD (Japan),SONIC THE HEDGEHOG-CD,SONIC THE HEDGEHOG-CD,G-6021,1993.AUG,SEGA MEGA DRIVE,(C)SEGA,GM,0,J,J,129592848
"SoulStar (Europe) (En,Fr,De)",SOULSTAR,SOULSTAR,T-115035,1994.OCT,SEGA MEGA DRIVE,(C)T-60,GM,0,J6,E,145885152
SoulStar (Japan),SOULSTAR,SOULSTAR,T-60184-,1994.DEC,SEGA MEGA DRIVE,(C)T-60,GM,0,J6,J,105811776
SoulStar (USA),SOULSTAR,SOULSTAR,T-115035,1994.NOV,SEGA GENESIS,(C)T-115,GM,0,J6,U,145885152
Space Ace (USA),SPACE ACE,SPACE ACE,T-121025,(unknown),SEGA MEGADRIVE,(C)T-121,GM,0,J,U,306263328
"Space Adventure, The - Cobra - The Legendary Bandit (Europe)",THE SPACE ADVENTURE COBRA,THE SPACE ADVENTURE COBRA,T-143015,1995.MAY,SEGA MEGA DRIVE,(C)T-14,GM,50,J,E,175946064
"Space Adventure, The - Cobra - The Legendary Bandit (USA)",THE SPACE ADVENTURE COBRA,THE SPACE ADVENTURE COBRA,T-143015,1995.APR,SEGA GENESIS,(C)T-14,GM,0,J,U,175946064
Star Wars - Rebel Assault (Europe),REBEL ASSAULT,REBEL ASSAULT,T-60075,1994.MAY,SEGA MEGA DRIVE,(C)T-60,GM,0,J,E,395255952
Star Wars - Rebel Assault (Japan),REBEL ASSAULT,REBEL ASSAULT,T-60174,1994.AUG,SEGA MEGA DRIVE,(C)T-60,GM,0,J,J,395248896
Star Wars - Rebel Assault (USA),REBEL ASSAULT,REBEL ASSAULT,T-60075,1994.JUL,SEGA GENESIS,(C)T-60,GM,0,J,U,395255952
Star Wars - Rebel Assault (USA) (Limited Run Games),REBEL ASSAULT,REBEL ASSAULT,T-60075,1994.JUL,SEGA GENESIS,(C)T-60,GM,0,J,U,395255952
Starblade (Europe),STAR BLADE,STAR BLADE,T-14025-,"1994,7",SEGA MEGA DRIVE,(C)T-14,GM,0,JMA,E,466669728
Starblade (Japan),STAR BLADE,STAR BLADE,T-14014-,"1994,7",SEGA MEGA DRIVE,(C)T-14,GM,0,JMA,J,466669728
Starblade (USA),STAR BLADE,STAR BLADE,T-14025-,"1994,7",SEGA GENESYS,(C)T-14,GM,0,JMA,U,466669728
Stellar-Fire (USA),STELLAR FIRE,STELLAR FIRE,T-110025,1993.OCT,SEGA GENESIS,(C)T-110,GM,0,J,U,99252048
Super Strike Trilogy (USA) (Unl),(unknown),(unknown),MK 0xxxx,93 FEB,SEGA GENESIS,(C)EA 19,GM,0,J,J,95987472
Supreme Warrior (Europe) (Disc 1),SUPREME WARRIOR,SUPREME WARRIOR,T-162045,1995.FEB,SEGA GENESIS,(C)T-162,GM,50,J6,8,492014880
Supreme Warrior (Europe) (Disc 1) (Mega-CD 32X),SUPREME WARRIOR,SUPREME WARRIOR,T-16203F,1995.FEB,SEGA 32X,(C)T-162,GM,50,J6,8,527814672
Supreme Warrior (Europe) (Disc 2),SUPREME WARRIOR,SUPREME WARRIOR,T-162045,1995.FEB,SEGA GENESIS,(C)T-162,GM,50,J6,8,487419072
Supreme Warrior (Europe) (Disc 2) (Mega-CD 32X),SUPREME WARRIOR,SUPREME WARRIOR,T-16203F,1995.FEB,SEGA 32X,(C)T-162,GM,50,J6,8,528346224
Supreme Warrior (USA) (Disc 1) (Fire & Earth),SUPREME WARRIOR,SUPREME WARRIOR,T-162045,1994.NOV,SEGA GENESIS,(C)T-162,GM,0,J6,U,490749504
Supreme Warrior (USA) (Disc 1) (Fire & Earth) (Alt),SUPREME WARRIOR,SUPREME WARRIOR,T-162045,1994.NOV,SEGA GENESIS,(C)T-162,GM,0,J6,U,490749504
Supreme Warrior (USA) (Disc 1) (Fire & Earth) (Sega CD 32X),SUPREME WARRIOR,SUPREME WARRIOR,T-16203F,1995.JAN,SEGA 32X,(C)T-162,GM,0,J6,U,527814672
Supreme Warrior (USA) (Disc 2) (Wind & Fang Tu),SUPREME WARRIOR,SUPREME WARRIOR,T-162045,1994.NOV,SEGA GENESIS,(C)T-162,GM,0,J6,U,486273648
Supreme Warrior (USA) (Disc 2) (Wind & Fang Tu) (Sega CD 32X),SUPREME WARRIOR,SUPREME WARRIOR,T-16203F,1995.JAN,SEGA 32X,(C)T-162,GM,0,J6,U,528346224
Surgical Strike (Brazil) (Sega CD 32X),SURGICAL STRIKE,SURGICAL STRIKE,MK-4435,1995.SEP,SEGA GENESIS,(C)SEGA,GM,0,J,U,438499824
Surgical Strike (Europe),SURGICAL STRIKE,SURGICAL STRIKE,MK-4435,1995.MAR,SEGA MEGA DRIVE,(C)SEGA,GM,0,J,8,445005456
Surgical Strike (Japan),SURGICAL STRIKE,SURGICAL STRIKE,G-6044,1995.NOV,SEGA MEGA DRIVE,(C)SEGA,GM,0,J,J,447752592
Surgical Strike (USA),SURGICAL STRIKE,SURGICAL STRIKE,MK-4435,1995.MAR,SEGA GENESIS,(C)SEGA,GM,0,J,4,445353552
Surgical Strike (USA) (Alt),SURGICAL STRIKE,SURGICAL STRIKE,MK-4435,1995.MAR,SEGA GENESIS,(C)SEGA,GM,0,J,4,445005456
Switch (Japan),SWITCH,SWITCH,T-6009-,1993.MAR,SEGA MEGA DRIVE,(C)SEGA,GM,0,JM,J,253884288
"Syndicate (Europe) (En,Fr,De)",SYNDICATE PUBLISHED BY DOMARK,SYNDICATE PUBLISHED BY DOMARK,T-88065,1995.AUG,SEGA MEGADRIVE,(C)T-88,GM,5,J,E,19389888
Tenbu Mega CD Special (Japan),TENBU,TENBU,T-32084,1992.DEC,SEGA MEGA DRIVE,(C)T-32,GM,0,J,J,216478080
Tenkafubu - Eiyuutachi no Houkou (Japan),天下布武,(unknown),T-45024,1991.DEC,SEGA MEGA DRIVE,(C)T-45,GM,0,JC,J,120457680
"Terminator, The (Europe)",THE TERMINATOR,THE TERMINATOR,T-70015-,1993.NOV,SEGA MEGA DRIVE,(C)T-70,GM,0,J,E,128550912
"Terminator, The (USA)",THE TERMINATOR,THE TERMINATOR,T-70015-,1993.NOV,SEGA GENESIS,(C)T-70,GM,0,J,U,123449424
"Theme Park (Europe) (En,Fr,De,Es)",THEME PARK PUBLISHED BY DOMARK,THEME PARK PUBLISHED BY DOMARK,T-88055,1995_JUL,SEGA MEGADRIVE,(C)T-88,GM,5,J,E,23294208
Third World War (USA),THE 3RD WORLD WAR,THE 3RD WORLD WAR,T-22025-,1993.DEC,SEGA GENESIS,(C)T-22,GM,0,J,U,16551024
Thunder Storm FX (Japan),THUNDER STORM,COBRA COMMAND,T-32064,1992.AUG,SEGA MEGA DRIVE,(C)T-32,GM,1,J,JUE,259446768
"Thunderhawk (Europe) (En,Fr,De,Es) (RE)",THUNDERHAWK,THUNDERHAWK,T-115015,1993.SEP,SEGA MEGA DRIVE,(C)T-07,GM,0,J,E,147500976
Thunderhawk (Japan),THUNDERHAWK,THUNDERHAWK,T-60134-,1993.SEP,SEGA MEGA DRIVE,(C)T-07,GM,0,J,J,104504064
Time Gal (Europe),TIME GAL,TIME GAL,MK-4417-,1993.APR,SEGA MEGA DRIVE,(C)T-32,GM,0,J,JE,298936848
Time Gal (Japan),TIME GAL,TIME GAL,T-32114,1992.SEP,SEGA MEGA DRIVE,(C)T-32,GM,1,J,J,304652208
Time Gal (USA),TIME GAL,TIME GAL,T-6214 -,1993.APR,SEGA GENESIS,(C)T-49,GM,0,J,JU,298936848
Tomcat Alley (Australia),TOMCAT ALLEY,TOMCAT ALLEY,MK-4428,1994.MAR,SEGA MEGA DRIVE,(C)SEGA,GM,0,J,E,567758688
Tomcat Alley (Europe),TOMCAT ALLEY,TOMCAT ALLEY,MK-4428,1994.MAR,SEGA MEGA DRIVE,(C)SEGA,GM,0,J,E,567756336
Tomcat Alley (France),TOMCAT ALLEY FRENCH,TOMCAT ALLEY FRENCH,MK-00442,1995.MAR,SEGA MEGA DRIVE,(C)SEGA,GM,0,J,8,532775040
Tomcat Alley (Germany),TOMCAT ALLEY GERMAN,TOMCAT ALLEY GERMAN,MK-00442,1995.MAR,SEGA MEGA DRIVE,(C)SEGA,GM,0,J,8,532775040
Tomcat Alley (Japan),TOMCAT ALLEY,TOMCAT ALLEY,G-006039,1994.OCT,SEGA MEGA DRIVE,(C)SEGA,GM,0,J,J,532316400
Tomcat Alley (Spain),TOMCAT ALLEY SPANISH,TOMCAT ALLEY SPANISH,MK-00442,1995.MAR,SEGA MEGA DRIVE,(C)SEGA,GM,0,J,8,532911456
Tomcat Alley (USA),TOMCAT ALLEY,TOMCAT ALLEY,MK-4428,1994.MAR,SEGA GENESIS,(C)SEGA,GM,0,J,U,567408240
Tomcat Alley (USA) (Alt),TOMCAT ALLEY,TOMCAT ALLEY,MK-4428,1994.MAR,SEGA GENESIS,(C)SEGA,GM,0,J,U,567756336
Trivial Pursuit (USA),TRIVIAL PURSUIT,TRIVIAL PURSUIT,T-89015,1994.SEP,SEGA GENESIS,(C)T-89,GM,0,J,U,478754304
Ultraverse Prime (USA),PRIME,PRIME,T-93325-,1994.DEC,SEGA GENESIS,(C)T-93,GM,0,J,U,59590272
Urusei Yatsura - Dear My Friends (Japan),URUSEI-YATSURA,URUSEI-YATSURA,T-45064,64  1994,SEGA MEGA DRIVE,(C)T-450,GM,0,J6M,J,383653536
Vay - Ryuusei no Yoroi (Japan),VAY,(unknown),44014,1993.SEP,SEGA MEGA DRIVE,(C)SIMS,GM,0,J,J,122294592
Vay (USA),VAY,VAY,T-127025,94.JUN,SEGA GENESIS,T-127 19,GM,0,J,U,137883648
Wakusei Woodstock - Funky Horror Band (Japan),SAMPLE INITIAL PROGRAM BY SEGA,SAMPLE INITIAL PROGRAM BY SEGA,0,1991.AUG,SEGA MEGA DRIVE,(C)SEGA,XX,0,J,J,58030896
Warau Salesman (Japan),WARAU SALESMAN,WARAU SALESMAN,G-6006,1993.AUG,SEGA MEGA DRIVE,(C)SEGA,GM,0,JM,J,353251584
What Is X'Eye Multi Entertainment System (USA),WONDER-MEGA DEMO,WONDER-MEGA DEMO,T-60114,1993.DEC,SEGA MEGA DRIVE,(C)T-60,GM,0,J6,U,49316736
Wheel of Fortune (USA),WHEEL OF FORTUNE,WHEEL OF FORTUNE,T-93085-,1994.DEC,SEGA GENESIS,(C)T-93,GM,0,J4,U,58670640
Who Shot Johnny Rock (USA),WHO SHOT JOHNNY ROCK?,WHO SHOT JOHNNY ROCK?,T-111045,1994.JUL,SEGA GENESIS,(C)T-111,GM,0,JMG,U,248963904
Wild Woody (USA),WILD WOODY,WILD WOODY,MK-4440,1995.JUN,SEGA GENESIS,(C)SEGA,GM,0,J,U,162941856
Wing Commander (Japan),WING COMMANDER,WING COMMANDER,G-6011,ERPRISES,SEGA MEGA DRIVE,SEGA ENT,GM,0,J6,J,425876640
Wing Commander (USA),WING COMMANDER,WING COMMANDER,T-50045,1994.FEB,SEGA GENESIS,(C)T-50,GM,0,J6,U,385394016
Winning Post (Japan),WinningPost     ECTION,ECTION,T-76044,1993.JUL,SEGA MEGA DRIVE,(C)T-76,GM,0,J,J,10252368
WireHead (USA),WIREHEAD,WIREHEAD,MK-4437,1995.SEP,SEGA GENESIS,(C)SEGA,GM,0,J,U,626641008
Wolfchild (Europe),WOLFCHILD,WOLFCHILD,T-6403-0,1991.AUG,SEGA MEGA DRIVE,(C)SEGA,GM,(unknown),J,E,11343696
Wolfchild (Japan),WOLFCHILD,WOLFCHILD,T-60104-,1991.AUG,SEGA MEGA DRIVE,(C)SEGA,GM,0,J,J,11343696
Wolfchild (USA),WOLFCHILD,WOLFCHILD,T-6403-0,1992.DEC,SEGA GENESIS,(C)T-98,GM,(unknown),J,U,11343696
Wonder Dog (Europe),WONDERDOG,WONDERDOG,4423-00,1993.JAN,SEGA MEGA DRIVE,(C)T-98,MK-,(unknown),J,E,32746896
Wonder Dog (Japan),WONDERDOG,WONDERDOG,T-60074-,1992.JUL,SEGA MEGA DRIVE,(C)SEGA,GM,0,J,J,32746896
Wonder Dog (USA) (RE),WONDERDOG,WONDERDOG,T-6402,1992.DEC,SEGA GENESIS,(C)T-98,GM,(unknown),J,U,32746896
WonderMega Collection (Japan) (Rev 2),WONDER-MEGA COLLECTION,WONDER-MEGA COLLECTION,T-60064,1992.APR,SEGA MEGA DRIVE,(C)SEGA,GM,10,J,J,67032000
"World Cup USA '94 (Europe) (En,Fr,De,Es,It,Nl,Pt,Sv)",WORLD CUP USA'94,WORLD CUP USA'94,T-79025,1994.JUN,SEGA MEGADRIVE,(C)T-79,GM,0,J4,E,129268272
"World Cup USA '94 (USA) (En,Fr,De,Es,It,Nl,Pt,Sv)",WORLD CUP USA'94,WORLD CUP USA'94,T-79025,1994.JUN,SEGA GENESIS,(C)T-79,GM,0,J4,U,129268272
WWF - Rage in the Cage (Europe),WWF RAGE IN THE CAGE,WWF RAGE IN THE CAGE,T-81015,1993.NOV,SEGA MEGA DRIVE,(C)T-81,GM,0,J6,E,244424544
WWF - Rage in the Cage (USA),WWF RAGE IN THE CAGE,WWF RAGE IN THE CAGE,T-81015,1993.NOV,SEGA GENESIS,(C)T-81,GM,0,J6,U,244071744
WWF Mania Tour - WWF - Rage in the Cage (Japan),WWF RAGE IN THE CAGE,WWF RAGE IN THE CAGE,T-81015,1993.NOV,SEGA MEGA DRIVE,(C)T-81,GM,0,J6,J,244424544
Yumemi Mystery Mansion (Australia),YUMEMI MISTERY MANSION,YUMEMI MISTERY MANSION,MK- 4430,1994.FEB,SEGA MEGA DRIVE,(C)SEGA,GM,-,JM,E,605143728
Yumemi Mystery Mansion (Europe) (Made in EU),YUMEMI MISTERY MANSION,YUMEMI MISTERY MANSION,MK- 4430,1994.FEB,SEGA MEGA DRIVE,(C)SEGA,GM,-,JM,E,605141376
Yumemi Mystery Mansion (Europe) (Made in Japan),YUMEMI MISTERY MANSION,YUMEMI MISTERY MANSION,MK- 4430,1994.FEB,SEGA MEGA DRIVE,(C)SEGA,GM,-,JM,E,605141376
Yumemi Yakata no Monogatari (Japan),YUMEMIYAKATA NO MONOGATARI,YUMEMIYAKATA NO MONOGATARI,G-6027,1993.SEP,SEGA MEGA DRIVE,(C)SEGA,GM,0,JM,J,625389744
Yumimi Mix (Japan),ゆみみみっくす,(unknown),T-45034,1992.DEC,SEGA MEGA DRIVE,(C)T-45,GM,0,J,J,197299872
